Category,Function,Gene.abbreviation,s_PL_10_1.Function.presence,s_PL_10_11.Function.presence,s_PL_10_12.Function.presence,s_PL_10_16.Function.presence,s_PL_10_19.Function.presence,s_PL_10_2.Function.presence,s_PL_10_20.Function.presence,s_PL_10_8.Function.presence,s_PL_11_16.Function.presence,s_PL_11_17.Function.presence,s_PL_11_22.Function.presence,s_PL_12_7.Function.presence,s_PL_12_8.Function.presence,s_PL_13_10.Function.presence,s_PL_13_2.Function.presence,s_PL_13_7.Function.presence,s_PL_13_8.Function.presence,s_PL_16_10.Function.presence,s_PL_16_12.Function.presence,s_PL_16_6.Function.presence,s_PL_17_1.Function.presence,s_PL_17_15.Function.presence,s_PL_17_17.Function.presence,s_PL_17_18.Function.presence,s_PL_17_2.Function.presence,s_PL_17_5.Function.presence,s_PL_17_7.Function.presence,s_PL_18_1.Function.presence,s_PL_18_11.Function.presence,s_PL_18_12.Function.presence,s_PL_18_5.Function.presence,s_PL_18_9.Function.presence,s_PL_19_14.Function.presence,s_PL_19_5.Function.presence,s_PL_19_6.Function.presence,s_PL_1_1.Function.presence,s_PL_1_13.Function.presence,s_PL_1_15.Function.presence,s_PL_1_2.Function.presence,s_PL_1_21.Function.presence,s_PL_1_24.Function.presence,s_PL_1_6.Function.presence,s_PL_1_8.Function.presence,s_PL_1_9.Function.presence,s_PL_20_1.Function.presence,s_PL_20_3.Function.presence,s_PL_21_10.Function.presence,s_PL_21_13.Function.presence,s_PL_21_16.Function.presence,s_PL_21_19.Function.presence,s_PL_21_20.Function.presence,s_PL_21_21.Function.presence,s_PL_21_4.Function.presence,s_PL_21_6.Function.presence,s_PL_21_7.Function.presence,s_PL_22_2.Function.presence,s_PL_22_3.Function.presence,s_PL_24_1.Function.presence,s_PL_24_2.Function.presence,s_PL_24_7.Function.presence,s_PL_24_9.Function.presence,s_PL_2_10.Function.presence,s_PL_2_11.Function.presence,s_PL_2_14.Function.presence,s_PL_2_15.Function.presence,s_PL_2_17.Function.presence,s_PL_2_18.Function.presence,s_PL_2_19.Function.presence,s_PL_2_20.Function.presence,s_PL_2_21.Function.presence,s_PL_2_23.Function.presence,s_PL_2_5.Function.presence,s_PL_2_7.Function.presence,s_PL_3_1.Function.presence,s_PL_3_12.Function.presence,s_PL_3_15.Function.presence,s_PL_3_17.Function.presence,s_PL_3_2.Function.presence,s_PL_3_25.Function.presence,s_PL_3_26.Function.presence,s_PL_3_29.Function.presence,s_PL_3_3.Function.presence,s_PL_3_5.Function.presence,s_PL_3_7.Function.presence,s_PL_4_2.Function.presence,s_PL_4_3.Function.presence,s_PL_4_7.Function.presence,s_PL_4_8.Function.presence,s_PL_5_11.Function.presence,s_PL_5_12.Function.presence,s_PL_5_14.Function.presence,s_PL_5_15.Function.presence,s_PL_5_17.Function.presence,s_PL_5_2.Function.presence,s_PL_5_20.Function.presence,s_PL_5_21.Function.presence,s_PL_5_22.Function.presence,s_PL_5_23.Function.presence,s_PL_5_6.Function.presence,s_PL_5_8.Function.presence,s_PL_5_9.Function.presence,s_PL_6_10.Function.presence,s_PL_6_18.Function.presence,s_PL_6_21.Function.presence,s_PL_6_23.Function.presence,s_PL_6_29.Function.presence,s_PL_6_30.Function.presence,s_PL_6_32.Function.presence,s_PL_6_34.Function.presence,s_PL_6_7.Function.presence,s_PL_6_9.Function.presence,s_PL_7_13.Function.presence,s_PL_7_15.Function.presence,s_PL_7_17.Function.presence,s_PL_7_19.Function.presence,s_PL_7_2.Function.presence,s_PL_7_20.Function.presence,s_PL_7_22.Function.presence,s_PL_7_29.Function.presence,s_PL_7_3.Function.presence,s_PL_8_10.Function.presence,s_PL_8_12.Function.presence,s_PL_8_13.Function.presence,s_PL_8_17.Function.presence,s_PL_8_18.Function.presence,s_PL_8_2.Function.presence,s_PL_8_20.Function.presence,s_PL_8_21.Function.presence,s_PL_8_27.Function.presence,s_PL_8_28.Function.presence,s_PL_8_29.Function.presence,s_PL_8_6.Function.presence,s_PL_8_7.Function.presence,s_PL_8_8.Function.presence,s_PL_9_10.Function.presence,s_PL_9_12.Function.presence,s_PL_9_15.Function.presence,s_PL_9_25.Function.presence,s_PL_9_27.Function.presence,s_PL_9_29.Function.presence,s_PL_9_3.Function.presence,s_PL_9_30.Function.presence,s_PL_9_34.Function.presence,s_PL_9_36.Function.presence,s_PL_9_5.Function.presence,s_PL_9_7.Function.presence,s_SUB_10_1.Function.presence,s_SUB_10_10.Function.presence,s_SUB_10_3.Function.presence,s_SUB_11_2.Function.presence,s_SUB_12_11.Function.presence,s_SUB_12_12.Function.presence,s_SUB_12_13.Function.presence,s_SUB_12_16.Function.presence,s_SUB_12_17.Function.presence,s_SUB_12_18.Function.presence,s_SUB_12_2.Function.presence,s_SUB_12_3.Function.presence,s_SUB_12_6.Function.presence,s_SUB_12_7.Function.presence,s_SUB_12_8.Function.presence,s_SUB_13_5.Function.presence,s_SUB_13_7.Function.presence,s_SUB_15_1.Function.presence,s_SUB_15_15.Function.presence,s_SUB_15_2.Function.presence,s_SUB_15_5.Function.presence,s_SUB_15_7.Function.presence,s_SUB_16_17.Function.presence,s_SUB_16_2.Function.presence,s_SUB_16_5.Function.presence,s_SUB_17_2.Function.presence,s_SUB_17_8.Function.presence,s_SUB_18_11.Function.presence,s_SUB_18_12.Function.presence,s_SUB_18_2.Function.presence,s_SUB_18_3.Function.presence,s_SUB_18_6.Function.presence,s_SUB_18_9.Function.presence,s_SUB_19_1.Function.presence,s_SUB_19_2.Function.presence,s_SUB_19_5.Function.presence,s_SUB_1_17.Function.presence,s_SUB_1_2.Function.presence,s_SUB_1_4.Function.presence,s_SUB_1_5.Function.presence,s_SUB_1_6.Function.presence,s_SUB_20_1.Function.presence,s_SUB_20_3.Function.presence,s_SUB_20_4.Function.presence,s_SUB_20_9.Function.presence,s_SUB_21_2.Function.presence,s_SUB_21_3.Function.presence,s_SUB_21_5.Function.presence,s_SUB_22_2.Function.presence,s_SUB_22_4.Function.presence,s_SUB_2_11.Function.presence,s_SUB_2_2.Function.presence,s_SUB_2_3.Function.presence,s_SUB_2_5.Function.presence,s_SUB_3_19.Function.presence,s_SUB_3_23.Function.presence,s_SUB_3_24.Function.presence,s_SUB_3_6.Function.presence,s_SUB_3_7.Function.presence,s_SUB_4_7.Function.presence,s_SUB_5_10.Function.presence,s_SUB_5_13.Function.presence,s_SUB_5_2.Function.presence,s_SUB_5_6.Function.presence,s_SUB_5_9.Function.presence,s_SUB_6_1.Function.presence,s_SUB_6_13.Function.presence,s_SUB_6_17.Function.presence,s_SUB_6_19.Function.presence,s_SUB_6_2.Function.presence,s_SUB_6_20.Function.presence,s_SUB_6_22.Function.presence,s_SUB_6_29.Function.presence,s_SUB_6_3.Function.presence,s_SUB_6_30.Function.presence,s_SUB_6_6.Function.presence,s_SUB_6_8.Function.presence,s_SUB_7_1.Function.presence,s_SUB_7_10.Function.presence,s_SUB_7_12.Function.presence,s_SUB_7_6.Function.presence,s_SUB_8_10.Function.presence,s_SUB_8_2.Function.presence,s_SUB_8_7.Function.presence,s_SUB_8_8.Function.presence,s_SUB_8_9.Function.presence,s_SUB_9_1.Function.presence,s_SUB_9_14.Function.presence,s_SUB_9_16.Function.presence,s_SUB_9_17.Function.presence,s_SUB_9_18.Function.presence,s_SUB_9_2.Function.presence,s_SUB_9_5.Function.presence,s_SUB_9_9.Function.presence,s_SUR_11_1.Function.presence,s_SUR_12_4.Function.presence,s_SUR_12_8.Function.presence,s_SUR_13_1.Function.presence,s_SUR_15_6.Function.presence,s_SUR_16_2.Function.presence,s_SUR_16_7.Function.presence,s_SUR_16_8.Function.presence,s_SUR_16_9.Function.presence,s_SUR_17_2.Function.presence,s_SUR_17_3.Function.presence,s_SUR_18_1.Function.presence,s_SUR_18_2.Function.presence,s_SUR_18_3.Function.presence,s_SUR_19_2.Function.presence,s_SUR_19_3.Function.presence,s_SUR_1_1.Function.presence,s_SUR_20_5.Function.presence,s_SUR_21_5.Function.presence,s_SUR_22_1.Function.presence,s_SUR_24_2.Function.presence,s_SUR_24_4.Function.presence,s_SUR_24_5.Function.presence,s_SUR_24_7.Function.presence,s_SUR_2_2.Function.presence,s_SUR_2_3.Function.presence,s_SUR_2_5.Function.presence,s_SUR_2_8.Function.presence,s_SUR_6_2.Function.presence,s_SUR_8_1.Function.presence,s_SUR_8_11.Function.presence,s_SUR_8_2.Function.presence,s_SUR_8_3.Function.presence,s_SUR_8_5.Function.presence
Thermophilic specific,Thermophilic specific,rgy,Absent,Absent,Absent,Absent,Absent,Absent,Absent,Absent,Absent,Absent,Absent,Absent,Absent,Absent,Absent,Absent,Absent,Absent,Absent,Absent,Absent,Absent,Absent,Absent,Absent,Absent,Absent,Absent,Absent,Absent,Absent,Absent,Absent,Absent,Absent,Absent,Absent,Absent,Absent,Absent,Absent,Absent,Absent,Absent,Absent,Absent,Absent,Absent,Absent,Absent,Absent,Absent,Absent,Absent,Absent,Absent,Absent,Absent,Absent,Absent,Absent,Absent,Absent,Absent,Absent,Absent,Absent,Absent,Absent,Absent,Absent,Absent,Absent,Absent,Absent,Absent,Absent,Absent,Absent,Absent,Absent,Absent,Absent,Absent,Absent,Absent,Absent,Absent,Absent,Absent,Absent,Absent,Absent,Absent,Absent,Absent,Absent,Absent,Absent,Absent,Absent,Absent,Absent,Absent,Absent,Absent,Absent,Absent,Absent,Absent,Absent,Absent,Absent,Absent,Absent,Absent,Absent,Absent,Absent,Absent,Absent,Absent,Absent,Absent,Absent,Absent,Absent,Absent,Absent,Absent,Absent,Absent,Absent,Absent,Absent,Absent,Absent,Absent,Absent,Absent,Absent,Absent,Absent,Absent,Absent,Absent,Absent,Absent,Absent,Absent,Absent,Absent,Absent,Absent,Absent,Absent,Absent,Absent,Absent,Absent,Absent,Absent,Absent,Absent,Absent,Absent,Absent,Absent,Absent,Absent,Absent,Absent,Absent,Absent,Absent,Absent,Absent,Absent,Absent,Absent,Absent,Absent,Absent,Absent,Absent,Absent,Absent,Absent,Absent,Absent,Absent,Absent,Absent,Absent,Absent,Absent,Absent,Absent,Absent,Absent,Absent,Absent,Absent,Absent,Absent,Absent,Absent,Absent,Absent,Absent,Absent,Absent,Absent,Absent,Absent,Absent,Absent,Absent,Absent,Absent,Absent,Absent,Absent,Absent,Absent,Absent,Absent,Absent,Absent,Absent,Absent,Absent,Absent,Absent,Absent,Absent,Absent,Absent,Absent,Absent,Absent,Absent,Absent,Absent,Absent,Absent,Absent,Absent,Absent,Absent,Absent,Absent,Absent,Absent,Absent,Absent,Absent,Absent,Absent,Absent,Absent,Absent,Absent,Absent,Absent,Absent,Absent,Absent,Absent,Absent,Absent,Absent,Absent,Absent
Amino acid utilization,Amino acid utilization,4-aminobutyrate aminotransferase and related aminotransferases,Absent,Present,Absent,Present,Absent,Absent,Present,Present,Absent,Absent,Present,Present,Absent,Absent,Absent,Present,Present,Present,Absent,Present,Present,Absent,Absent,Absent,Absent,Absent,Absent,Absent,Absent,Absent,Present,Absent,Absent,Absent,Absent,Absent,Absent,Absent,Absent,Absent,Absent,Absent,Absent,Absent,Absent,Present,Present,Absent,Absent,Present,Present,Absent,Absent,Absent,Absent,Absent,Present,Absent,Absent,Absent,Present,Absent,Present,Present,Absent,Absent,Absent,Absent,Absent,Absent,Absent,Absent,Present,Absent,Absent,Absent,Present,Absent,Absent,Absent,Absent,Present,Absent,Absent,Absent,Absent,Present,Absent,Absent,Absent,Absent,Absent,Absent,Absent,Present,Absent,Absent,Absent,Absent,Absent,Absent,Absent,Absent,Absent,Absent,Absent,Present,Present,Absent,Absent,Absent,Absent,Absent,Present,Present,Absent,Absent,Absent,Absent,Absent,Absent,Absent,Present,Absent,Absent,Absent,Absent,Present,Absent,Present,Absent,Absent,Absent,Absent,Absent,Absent,Absent,Absent,Absent,Absent,Absent,Absent,Absent,Present,Absent,Absent,Absent,Present,Present,Absent,Absent,Absent,Absent,Present,Absent,Absent,Absent,Present,Absent,Present,Present,Absent,Present,Present,Present,Absent,Absent,Absent,Present,Absent,Absent,Present,Absent,Absent,Present,Absent,Absent,Absent,Absent,Absent,Absent,Present,Absent,Absent,Absent,Absent,Absent,Absent,Absent,Absent,Absent,Absent,Absent,Absent,Present,Absent,Absent,Present,Absent,Absent,Present,Present,Absent,Absent,Absent,Absent,Absent,Absent,Absent,Absent,Present,Absent,Absent,Absent,Absent,Absent,Absent,Present,Absent,Absent,Absent,Present,Absent,Absent,Absent,Absent,Present,Absent,Present,Present,Absent,Absent,Absent,Absent,Absent,Present,Absent,Absent,Absent,Absent,Absent,Absent,Absent,Present,Absent,Absent,Absent,Present,Absent,Absent,Absent,Absent,Absent,Absent,Absent,Absent,Absent,Absent,Present,Absent,Absent,Absent,Absent,Present,Absent,Present,Absent,Present,Absent,Absent,Absent,Absent,Absent,Absent
Amino acid utilization,Amino acid utilization,aminotransferase class I and II,Absent,Absent,Absent,Absent,Present,Absent,Present,Absent,Absent,Absent,Present,Absent,Absent,Present,Absent,Absent,Present,Absent,Absent,Absent,Absent,Absent,Present,Absent,Present,Present,Absent,Absent,Absent,Absent,Absent,Absent,Present,Present,Absent,Present,Present,Absent,Absent,Absent,Absent,Absent,Absent,Absent,Absent,Present,Absent,Absent,Present,Present,Absent,Present,Absent,Absent,Absent,Present,Present,Absent,Absent,Absent,Absent,Absent,Present,Present,Absent,Absent,Absent,Absent,Present,Present,Absent,Present,Absent,Present,Absent,Absent,Present,Present,Absent,Absent,Present,Absent,Present,Present,Absent,Absent,Present,Absent,Absent,Absent,Absent,Absent,Absent,Absent,Present,Absent,Absent,Absent,Present,Absent,Absent,Absent,Absent,Present,Absent,Absent,Absent,Present,Present,Absent,Absent,Absent,Absent,Present,Present,Absent,Absent,Absent,Absent,Absent,Absent,Absent,Absent,Absent,Present,Absent,Present,Absent,Absent,Absent,Present,Absent,Absent,Absent,Absent,Absent,Absent,Present,Absent,Absent,Present,Absent,Present,Present,Present,Absent,Absent,Absent,Present,Present,Present,Present,Absent,Absent,Present,Absent,Present,Absent,Absent,Present,Present,Absent,Absent,Present,Present,Absent,Absent,Present,Absent,Absent,Absent,Absent,Absent,Absent,Absent,Present,Absent,Present,Absent,Absent,Absent,Present,Absent,Absent,Present,Present,Absent,Absent,Absent,Present,Present,Absent,Absent,Absent,Absent,Absent,Absent,Present,Present,Absent,Present,Present,Absent,Absent,Absent,Absent,Absent,Absent,Absent,Absent,Absent,Present,Present,Present,Absent,Absent,Absent,Present,Present,Absent,Absent,Present,Absent,Absent,Absent,Present,Absent,Absent,Absent,Present,Absent,Present,Absent,Present,Absent,Present,Absent,Present,Absent,Absent,Absent,Absent,Absent,Absent,Absent,Absent,Absent,Absent,Absent,Absent,Absent,Present,Absent,Present,Absent,Present,Present,Absent,Present,Present,Present,Present,Present,Absent,Absent,Absent,Absent,Absent,Present,Absent,Present,Absent,Present,Absent
Amino acid utilization,Amino acid utilization,phosphoserine aminotransferase,Present,Present,Absent,Present,Absent,Absent,Present,Present,Absent,Absent,Present,Absent,Present,Absent,Absent,Absent,Present,Present,Present,Absent,Absent,Absent,Absent,Present,Absent,Absent,Absent,Present,Present,Absent,Present,Absent,Present,Present,Present,Absent,Absent,Absent,Present,Present,Absent,Absent,Present,Absent,Absent,Absent,Present,Absent,Absent,Absent,Present,Absent,Absent,Present,Absent,Absent,Present,Present,Present,Absent,Absent,Present,Absent,Present,Present,Present,Present,Present,Absent,Present,Absent,Present,Present,Absent,Absent,Absent,Absent,Present,Absent,Present,Absent,Absent,Present,Absent,Absent,Absent,Present,Absent,Absent,Absent,Absent,Absent,Absent,Absent,Absent,Present,Absent,Absent,Absent,Absent,Absent,Absent,Present,Absent,Absent,Absent,Absent,Present,Absent,Absent,Present,Present,Absent,Absent,Present,Present,Absent,Absent,Present,Absent,Absent,Present,Absent,Absent,Present,Absent,Absent,Present,Present,Present,Absent,Absent,Absent,Absent,Present,Present,Present,Absent,Present,Absent,Present,Absent,Absent,Present,Absent,Absent,Absent,Present,Present,Absent,Present,Present,Absent,Absent,Present,Present,Present,Present,Absent,Absent,Absent,Absent,Absent,Absent,Present,Present,Absent,Present,Present,Present,Present,Present,Present,Present,Present,Present,Present,Present,Absent,Present,Present,Present,Absent,Present,Absent,Absent,Absent,Absent,Absent,Present,Absent,Present,Absent,Present,Present,Absent,Absent,Present,Present,Absent,Absent,Present,Absent,Present,Present,Absent,Absent,Absent,Absent,Present,Present,Present,Absent,Present,Absent,Present,Present,Present,Absent,Absent,Absent,Present,Absent,Absent,Present,Absent,Absent,Present,Absent,Present,Absent,Present,Absent,Absent,Present,Absent,Absent,Present,Absent,Present,Present,Present,Absent,Absent,Absent,Absent,Absent,Absent,Present,Present,Absent,Absent,Present,Absent,Present,Absent,Present,Absent,Absent,Absent,Absent,Absent,Absent,Absent,Present,Present,Present,Present,Present,Absent,Absent,Absent,Absent,Present
Amino acid utilization,Amino acid utilization,ornithine/acetylornithine aminotransferase,Absent,Present,Present,Present,Absent,Present,Present,Present,Absent,Present,Present,Absent,Present,Present,Absent,Present,Present,Absent,Present,Absent,Present,Present,Absent,Present,Absent,Present,Absent,Present,Absent,Present,Present,Present,Present,Present,Present,Present,Present,Present,Present,Present,Absent,Absent,Present,Present,Absent,Present,Absent,Absent,Present,Absent,Present,Present,Absent,Present,Present,Present,Present,Present,Present,Absent,Present,Absent,Present,Absent,Present,Present,Present,Present,Present,Present,Absent,Present,Absent,Present,Absent,Absent,Present,Present,Present,Present,Absent,Absent,Absent,Present,Absent,Absent,Present,Present,Absent,Present,Present,Present,Present,Absent,Present,Present,Absent,Present,Present,Present,Present,Absent,Present,Absent,Present,Present,Absent,Present,Present,Present,Present,Absent,Present,Present,Absent,Absent,Absent,Absent,Absent,Absent,Present,Present,Present,Absent,Present,Present,Present,Present,Absent,Absent,Absent,Absent,Absent,Present,Absent,Absent,Present,Present,Absent,Absent,Absent,Absent,Absent,Present,Absent,Absent,Absent,Absent,Present,Present,Absent,Present,Absent,Absent,Absent,Present,Present,Absent,Present,Present,Present,Absent,Present,Present,Present,Present,Present,Present,Absent,Present,Present,Absent,Absent,Present,Absent,Absent,Present,Absent,Present,Absent,Absent,Present,Present,Present,Present,Present,Absent,Absent,Absent,Absent,Absent,Present,Present,Absent,Absent,Present,Present,Absent,Present,Absent,Present,Present,Present,Present,Present,Absent,Absent,Present,Absent,Present,Absent,Absent,Present,Present,Present,Present,Present,Present,Absent,Absent,Absent,Present,Present,Present,Present,Absent,Absent,Present,Absent,Absent,Absent,Present,Absent,Present,Absent,Present,Absent,Present,Present,Present,Present,Present,Present,Present,Present,Absent,Present,Present,Absent,Present,Present,Present,Present,Present,Present,Present,Present,Present,Present,Present,Present,Absent,Present,Present,Present,Present,Present,Present,Present,Absent,Present,Absent,Present,Present
Amino acid utilization,Amino acid utilization,branched-chain amino acid aminotransferase/4-amino-4-deoxychorismate lyase,Present,Present,Present,Present,Present,Present,Present,Present,Present,Present,Present,Present,Present,Present,Present,Present,Present,Present,Absent,Present,Present,Absent,Absent,Present,Present,Absent,Present,Present,Absent,Present,Present,Absent,Present,Present,Present,Present,Present,Present,Present,Present,Present,Absent,Absent,Present,Present,Absent,Absent,Present,Present,Present,Present,Absent,Present,Present,Present,Present,Present,Present,Present,Present,Present,Present,Present,Present,Present,Absent,Present,Present,Present,Present,Present,Absent,Present,Present,Absent,Present,Present,Present,Present,Absent,Absent,Present,Present,Present,Present,Present,Present,Present,Absent,Present,Absent,Present,Present,Present,Present,Present,Present,Absent,Absent,Present,Present,Absent,Present,Absent,Absent,Present,Present,Present,Absent,Absent,Present,Present,Present,Present,Absent,Present,Present,Present,Present,Present,Present,Present,Present,Present,Present,Absent,Present,Present,Absent,Absent,Present,Present,Present,Present,Present,Present,Present,Present,Present,Present,Present,Present,Absent,Absent,Absent,Present,Present,Present,Present,Present,Present,Present,Present,Present,Present,Absent,Present,Present,Present,Present,Present,Present,Present,Present,Present,Present,Present,Present,Present,Present,Present,Present,Present,Present,Absent,Present,Absent,Absent,Present,Present,Present,Present,Present,Present,Present,Present,Present,Present,Absent,Present,Present,Present,Present,Present,Present,Present,Absent,Present,Present,Present,Present,Present,Present,Absent,Present,Present,Present,Present,Present,Present,Present,Present,Present,Present,Present,Present,Present,Present,Absent,Present,Present,Present,Present,Present,Present,Present,Present,Present,Present,Present,Absent,Present,Present,Present,Present,Present,Present,Absent,Absent,Present,Absent,Present,Present,Present,Absent,Present,Present,Present,Present,Present,Present,Present,Present,Present,Present,Present,Present,Present,Present,Present,Present,Present,Present,Present,Present,Present,Present,Present,Present,Absent,Present,Absent,Present,Present
Amino acid utilization,Amino acid utilization,aspartate/tyrosine/aromatic aminotransferase,Present,Present,Present,Absent,Absent,Absent,Present,Present,Absent,Absent,Present,Present,Present,Absent,Present,Present,Present,Present,Absent,Absent,Present,Absent,Absent,Present,Absent,Present,Absent,Absent,Present,Absent,Present,Absent,Absent,Present,Present,Absent,Absent,Present,Present,Present,Absent,Absent,Present,Absent,Present,Absent,Absent,Absent,Absent,Present,Absent,Absent,Present,Present,Absent,Present,Present,Present,Absent,Absent,Absent,Absent,Present,Present,Absent,Absent,Absent,Present,Absent,Present,Absent,Present,Present,Absent,Absent,Absent,Absent,Absent,Present,Present,Absent,Present,Absent,Absent,Present,Absent,Present,Absent,Absent,Absent,Absent,Present,Absent,Present,Absent,Present,Absent,Present,Absent,Absent,Present,Absent,Present,Present,Absent,Present,Present,Present,Absent,Absent,Present,Present,Absent,Absent,Absent,Present,Absent,Absent,Present,Absent,Absent,Present,Absent,Present,Present,Present,Absent,Present,Present,Absent,Absent,Absent,Absent,Present,Present,Present,Present,Present,Absent,Absent,Present,Present,Present,Present,Absent,Absent,Absent,Present,Absent,Absent,Absent,Absent,Absent,Present,Absent,Absent,Absent,Absent,Present,Absent,Present,Absent,Absent,Absent,Present,Absent,Absent,Absent,Present,Present,Absent,Present,Present,Present,Absent,Absent,Present,Present,Absent,Present,Present,Present,Present,Present,Absent,Present,Absent,Absent,Present,Present,Absent,Absent,Present,Absent,Present,Absent,Absent,Absent,Absent,Present,Present,Absent,Present,Present,Present,Present,Present,Present,Present,Present,Present,Absent,Absent,Present,Present,Present,Absent,Present,Absent,Absent,Absent,Present,Present,Present,Present,Absent,Present,Present,Present,Present,Absent,Absent,Absent,Absent,Absent,Present,Absent,Present,Present,Present,Present,Present,Absent,Present,Absent,Present,Absent,Present,Absent,Absent,Present,Present,Present,Present,Present,Present,Absent,Absent,Absent,Absent,Absent,Absent,Absent,Absent,Absent,Absent,Absent,Absent,Absent,Absent,Absent,Absent,Absent,Present
Amino acid utilization,Amino acid utilization,histidinol-phosphate/aromatic aminotransferase,Present,Absent,Present,Present,Absent,Present,Present,Absent,Absent,Absent,Absent,Absent,Present,Present,Absent,Absent,Present,Present,Present,Absent,Present,Absent,Absent,Present,Present,Absent,Present,Present,Present,Present,Present,Present,Present,Present,Present,Present,Present,Absent,Present,Absent,Present,Present,Present,Present,Absent,Absent,Present,Absent,Present,Absent,Present,Absent,Absent,Present,Absent,Present,Present,Present,Present,Absent,Present,Present,Present,Present,Present,Present,Present,Present,Present,Present,Absent,Present,Present,Present,Present,Present,Present,Present,Absent,Present,Present,Absent,Present,Present,Absent,Absent,Present,Present,Absent,Absent,Absent,Present,Absent,Absent,Present,Present,Present,Present,Present,Present,Present,Absent,Present,Absent,Present,Present,Absent,Present,Present,Present,Present,Present,Present,Absent,Present,Present,Present,Absent,Present,Present,Present,Absent,Present,Absent,Present,Present,Present,Present,Present,Absent,Absent,Present,Present,Present,Present,Present,Present,Present,Absent,Absent,Present,Absent,Absent,Absent,Absent,Present,Absent,Present,Present,Present,Present,Present,Present,Absent,Present,Present,Present,Present,Present,Absent,Absent,Present,Absent,Absent,Present,Present,Present,Present,Absent,Absent,Present,Present,Absent,Present,Absent,Present,Present,Absent,Absent,Absent,Present,Present,Absent,Present,Present,Absent,Present,Present,Present,Present,Present,Present,Present,Present,Absent,Present,Present,Absent,Present,Absent,Absent,Present,Present,Absent,Present,Absent,Present,Present,Absent,Present,Absent,Present,Present,Present,Absent,Present,Present,Absent,Present,Absent,Present,Present,Present,Present,Present,Present,Absent,Present,Absent,Absent,Present,Present,Absent,Present,Present,Present,Absent,Absent,Present,Present,Present,Absent,Absent,Present,Absent,Present,Present,Absent,Present,Present,Present,Present,Absent,Present,Present,Present,Present,Absent,Absent,Absent,Present,Present,Present,Present,Present,Present,Present,Present,Present,Present,Present,Present,Present,Present
Amino acid utilization,Amino acid utilization,serine-pyruvate aminotransferase/archaeal aspartate aminotransferase,Present,Absent,Absent,Absent,Absent,Absent,Absent,Absent,Absent,Absent,Absent,Absent,Absent,Absent,Absent,Absent,Absent,Present,Absent,Absent,Absent,Absent,Absent,Absent,Absent,Absent,Absent,Present,Absent,Present,Absent,Absent,Absent,Absent,Absent,Absent,Absent,Absent,Absent,Absent,Absent,Absent,Absent,Absent,Absent,Absent,Present,Absent,Absent,Absent,Absent,Present,Absent,Absent,Absent,Absent,Absent,Present,Present,Absent,Absent,Absent,Absent,Absent,Absent,Absent,Absent,Absent,Absent,Absent,Absent,Absent,Absent,Absent,Absent,Absent,Absent,Absent,Absent,Present,Absent,Absent,Absent,Absent,Absent,Absent,Present,Absent,Absent,Absent,Absent,Absent,Absent,Absent,Present,Absent,Absent,Absent,Absent,Absent,Absent,Absent,Absent,Absent,Absent,Absent,Absent,Absent,Absent,Absent,Absent,Absent,Absent,Absent,Absent,Absent,Absent,Absent,Absent,Absent,Absent,Absent,Absent,Absent,Absent,Absent,Absent,Absent,Absent,Absent,Absent,Absent,Absent,Absent,Absent,Absent,Present,Absent,Absent,Absent,Absent,Absent,Absent,Present,Absent,Absent,Absent,Absent,Present,Absent,Absent,Absent,Absent,Absent,Absent,Present,Absent,Present,Absent,Absent,Absent,Present,Present,Present,Absent,Absent,Absent,Absent,Absent,Absent,Absent,Absent,Absent,Present,Absent,Present,Absent,Absent,Absent,Absent,Present,Absent,Absent,Absent,Absent,Absent,Absent,Absent,Absent,Present,Absent,Present,Absent,Absent,Absent,Absent,Absent,Present,Absent,Absent,Absent,Absent,Absent,Present,Present,Absent,Absent,Absent,Absent,Absent,Absent,Absent,Absent,Present,Absent,Absent,Absent,Absent,Absent,Absent,Absent,Absent,Absent,Present,Present,Present,Absent,Absent,Absent,Absent,Absent,Absent,Absent,Absent,Absent,Absent,Absent,Absent,Absent,Present,Present,Present,Absent,Present,Absent,Absent,Absent,Absent,Absent,Absent,Absent,Absent,Absent,Absent,Present,Absent,Absent,Absent,Absent,Absent,Present,Absent,Absent,Absent,Absent,Absent,Present,Present,Absent,Absent,Present,Absent,Absent,Absent
Ethanol fermentation,Acetate => Acetaldehyde,acetate => acetaldehyde,Absent,Absent,Absent,Absent,Absent,Absent,Absent,Absent,Absent,Absent,Absent,Absent,Absent,Absent,Absent,Absent,Absent,Absent,Absent,Absent,Absent,Absent,Absent,Absent,Absent,Absent,Absent,Absent,Absent,Absent,Absent,Absent,Absent,Absent,Absent,Absent,Absent,Absent,Absent,Absent,Absent,Absent,Absent,Absent,Absent,Absent,Absent,Absent,Absent,Absent,Absent,Absent,Absent,Present,Absent,Absent,Present,Absent,Present,Absent,Absent,Absent,Present,Present,Absent,Present,Absent,Present,Absent,Absent,Absent,Present,Absent,Absent,Absent,Absent,Absent,Absent,Absent,Absent,Absent,Absent,Absent,Absent,Absent,Absent,Present,Absent,Absent,Absent,Absent,Absent,Absent,Absent,Absent,Absent,Absent,Absent,Absent,Absent,Absent,Absent,Absent,Absent,Absent,Absent,Absent,Absent,Absent,Absent,Present,Absent,Absent,Absent,Absent,Absent,Absent,Absent,Absent,Absent,Absent,Absent,Absent,Absent,Absent,Absent,Absent,Absent,Absent,Absent,Absent,Absent,Absent,Absent,Absent,Absent,Absent,Absent,Absent,Present,Absent,Absent,Absent,Absent,Absent,Absent,Absent,Absent,Absent,Absent,Absent,Absent,Absent,Absent,Absent,Absent,Absent,Absent,Absent,Absent,Absent,Absent,Absent,Absent,Absent,Absent,Present,Absent,Absent,Absent,Absent,Absent,Absent,Absent,Absent,Absent,Absent,Absent,Absent,Absent,Absent,Absent,Absent,Absent,Present,Absent,Absent,Absent,Absent,Absent,Absent,Absent,Absent,Absent,Absent,Absent,Absent,Absent,Present,Absent,Absent,Absent,Absent,Absent,Absent,Absent,Absent,Absent,Absent,Absent,Absent,Absent,Absent,Absent,Absent,Absent,Absent,Absent,Absent,Absent,Absent,Absent,Absent,Absent,Absent,Present,Absent,Absent,Absent,Absent,Absent,Absent,Absent,Absent,Absent,Absent,Absent,Absent,Absent,Present,Absent,Absent,Absent,Present,Absent,Absent,Absent,Absent,Absent,Present,Absent,Absent,Absent,Present,Present,Absent,Absent,Absent,Absent,Absent,Absent,Absent,Absent,Absent,Absent,Absent,Absent,Absent,Present,Present,Absent,Absent,Present,Present
Ethanol fermentation,Acetaldehyde => Ethanol,acetaldehyde => ethanol,Absent,Absent,Absent,Absent,Absent,Absent,Absent,Absent,Absent,Absent,Absent,Absent,Absent,Absent,Absent,Absent,Absent,Absent,Absent,Absent,Absent,Absent,Absent,Absent,Absent,Absent,Absent,Absent,Absent,Absent,Absent,Absent,Absent,Absent,Absent,Absent,Absent,Absent,Absent,Absent,Absent,Absent,Absent,Absent,Absent,Absent,Absent,Absent,Absent,Absent,Absent,Absent,Absent,Absent,Absent,Absent,Absent,Absent,Absent,Absent,Absent,Absent,Absent,Absent,Present,Present,Absent,Absent,Absent,Absent,Absent,Absent,Absent,Absent,Absent,Absent,Absent,Absent,Absent,Absent,Absent,Absent,Absent,Absent,Absent,Absent,Absent,Absent,Absent,Absent,Absent,Absent,Absent,Absent,Absent,Absent,Absent,Absent,Absent,Absent,Absent,Absent,Absent,Absent,Absent,Absent,Absent,Absent,Absent,Absent,Absent,Absent,Absent,Absent,Absent,Absent,Absent,Absent,Absent,Absent,Absent,Absent,Absent,Absent,Absent,Absent,Absent,Absent,Absent,Present,Absent,Absent,Absent,Absent,Absent,Absent,Absent,Absent,Absent,Absent,Absent,Absent,Absent,Absent,Absent,Absent,Absent,Absent,Absent,Absent,Present,Absent,Absent,Absent,Present,Absent,Present,Absent,Absent,Absent,Absent,Absent,Absent,Absent,Absent,Absent,Present,Absent,Absent,Absent,Absent,Absent,Absent,Absent,Absent,Absent,Present,Present,Absent,Absent,Absent,Present,Absent,Present,Absent,Absent,Absent,Absent,Absent,Absent,Absent,Absent,Absent,Absent,Absent,Absent,Absent,Absent,Present,Absent,Absent,Present,Absent,Absent,Absent,Absent,Absent,Absent,Absent,Absent,Absent,Present,Absent,Absent,Absent,Absent,Absent,Absent,Absent,Absent,Absent,Absent,Absent,Absent,Absent,Absent,Absent,Absent,Absent,Absent,Absent,Present,Absent,Absent,Absent,Absent,Absent,Absent,Absent,Absent,Absent,Absent,Absent,Absent,Absent,Present,Absent,Absent,Absent,Absent,Absent,Absent,Present,Absent,Absent,Absent,Present,Absent,Absent,Absent,Absent,Absent,Absent,Absent,Absent,Absent,Absent,Present,Present,Absent,Absent,Present,Absent,Absent
Fatty acid degradation,acyl-CoA dehydrogenase,acyl-CoA dehydrogenase,Present,Present,Absent,Absent,Present,Present,Present,Present,Present,Present,Present,Present,Present,Present,Present,Present,Present,Present,Present,Present,Absent,Present,Present,Present,Present,Present,Present,Present,Absent,Absent,Present,Present,Present,Present,Present,Present,Present,Present,Present,Present,Absent,Absent,Absent,Present,Present,Present,Present,Present,Present,Present,Present,Present,Present,Present,Present,Present,Present,Present,Present,Absent,Present,Absent,Present,Absent,Absent,Present,Absent,Present,Absent,Absent,Present,Present,Present,Absent,Absent,Present,Absent,Absent,Present,Present,Absent,Present,Absent,Present,Present,Absent,Present,Absent,Absent,Absent,Present,Present,Present,Absent,Present,Present,Present,Present,Absent,Present,Absent,Absent,Absent,Absent,Absent,Absent,Present,Present,Absent,Present,Present,Present,Absent,Present,Present,Present,Absent,Absent,Present,Present,Present,Present,Absent,Present,Absent,Absent,Present,Present,Present,Present,Absent,Absent,Absent,Absent,Absent,Absent,Present,Present,Absent,Present,Present,Present,Absent,Absent,Absent,Absent,Present,Present,Absent,Present,Present,Present,Present,Absent,Present,Present,Present,Absent,Present,Absent,Present,Absent,Present,Present,Present,Present,Present,Present,Present,Present,Present,Absent,Present,Present,Absent,Present,Absent,Absent,Absent,Present,Present,Present,Present,Present,Present,Present,Present,Absent,Present,Present,Present,Present,Present,Present,Present,Absent,Absent,Present,Present,Absent,Present,Present,Present,Present,Present,Present,Absent,Present,Present,Present,Present,Present,Absent,Present,Present,Absent,Absent,Present,Absent,Present,Absent,Present,Present,Present,Present,Present,Present,Present,Present,Present,Absent,Present,Present,Present,Present,Present,Present,Absent,Present,Absent,Present,Present,Absent,Present,Present,Present,Present,Present,Present,Present,Absent,Present,Absent,Present,Present,Present,Present,Absent,Present,Present,Present,Present,Present,Present,Present,Present,Present,Present,Present,Present,Present,Absent,Present,Present
Aromatics degradation,Protocatechuate/Catechol degradation,catA,Absent,Absent,Absent,Absent,Absent,Absent,Absent,Absent,Absent,Absent,Absent,Absent,Absent,Absent,Absent,Absent,Absent,Absent,Absent,Absent,Absent,Absent,Absent,Absent,Absent,Absent,Absent,Absent,Absent,Absent,Absent,Absent,Absent,Absent,Absent,Absent,Absent,Absent,Absent,Absent,Absent,Absent,Absent,Absent,Absent,Absent,Absent,Absent,Absent,Absent,Absent,Absent,Absent,Absent,Absent,Absent,Absent,Absent,Absent,Absent,Absent,Absent,Absent,Absent,Absent,Absent,Absent,Absent,Absent,Absent,Absent,Absent,Absent,Absent,Absent,Absent,Absent,Absent,Absent,Absent,Absent,Absent,Absent,Absent,Absent,Absent,Absent,Absent,Absent,Absent,Absent,Absent,Absent,Absent,Absent,Absent,Absent,Absent,Absent,Absent,Absent,Absent,Absent,Absent,Absent,Absent,Absent,Absent,Absent,Absent,Absent,Absent,Absent,Absent,Absent,Absent,Absent,Absent,Absent,Absent,Absent,Absent,Absent,Absent,Absent,Absent,Absent,Absent,Absent,Absent,Absent,Absent,Absent,Absent,Absent,Absent,Absent,Absent,Absent,Absent,Absent,Absent,Absent,Absent,Absent,Absent,Absent,Absent,Absent,Absent,Absent,Absent,Absent,Absent,Absent,Absent,Absent,Absent,Absent,Absent,Absent,Absent,Absent,Absent,Absent,Absent,Absent,Absent,Absent,Absent,Absent,Absent,Absent,Absent,Absent,Absent,Absent,Absent,Absent,Absent,Absent,Absent,Absent,Absent,Absent,Absent,Absent,Absent,Absent,Absent,Absent,Absent,Absent,Absent,Absent,Absent,Absent,Absent,Absent,Absent,Absent,Absent,Absent,Absent,Absent,Absent,Absent,Absent,Absent,Absent,Absent,Absent,Absent,Absent,Absent,Absent,Absent,Absent,Absent,Absent,Absent,Absent,Absent,Absent,Absent,Absent,Absent,Absent,Absent,Absent,Absent,Absent,Absent,Absent,Absent,Absent,Absent,Absent,Absent,Absent,Absent,Absent,Absent,Absent,Absent,Absent,Absent,Absent,Absent,Absent,Absent,Absent,Absent,Absent,Absent,Absent,Absent,Absent,Absent,Absent,Absent,Absent,Absent,Absent,Absent,Present,Absent,Present,Absent,Absent,Absent,Absent,Absent,Absent
Aromatics degradation,Phenol => Benzoyl-CoA,ubiX||bsdC,Absent,Absent,Present,Absent,Absent,Absent,Absent,Present,Present,Absent,Absent,Absent,Absent,Absent,Absent,Present,Absent,Present,Present,Absent,Present,Absent,Absent,Absent,Absent,Present,Absent,Present,Absent,Present,Present,Absent,Absent,Present,Absent,Present,Absent,Absent,Present,Absent,Absent,Absent,Absent,Absent,Absent,Absent,Present,Present,Absent,Present,Absent,Absent,Absent,Absent,Absent,Present,Present,Present,Absent,Present,Present,Absent,Present,Absent,Present,Absent,Present,Absent,Present,Absent,Absent,Present,Absent,Absent,Absent,Absent,Present,Absent,Absent,Absent,Absent,Present,Absent,Absent,Absent,Present,Present,Present,Absent,Present,Present,Absent,Present,Absent,Absent,Present,Present,Present,Present,Present,Present,Absent,Present,Absent,Present,Absent,Present,Absent,Absent,Absent,Present,Absent,Present,Present,Absent,Present,Present,Absent,Absent,Absent,Absent,Absent,Absent,Absent,Present,Present,Absent,Absent,Absent,Absent,Absent,Present,Present,Present,Absent,Absent,Absent,Absent,Absent,Absent,Present,Absent,Absent,Absent,Absent,Absent,Absent,Present,Absent,Absent,Absent,Present,Absent,Present,Absent,Present,Absent,Present,Absent,Absent,Absent,Absent,Absent,Absent,Absent,Absent,Absent,Absent,Present,Absent,Absent,Present,Absent,Absent,Present,Absent,Absent,Absent,Present,Absent,Absent,Absent,Absent,Present,Present,Absent,Absent,Present,Absent,Absent,Absent,Absent,Present,Absent,Present,Present,Present,Absent,Absent,Absent,Absent,Absent,Present,Absent,Absent,Present,Present,Absent,Absent,Present,Present,Absent,Absent,Present,Absent,Present,Absent,Absent,Absent,Absent,Present,Absent,Absent,Absent,Absent,Absent,Present,Absent,Absent,Present,Absent,Absent,Absent,Present,Absent,Present,Present,Absent,Absent,Present,Present,Absent,Present,Absent,Present,Present,Absent,Absent,Absent,Absent,Absent,Absent,Absent,Present,Absent,Absent,Absent,Present,Present,Absent,Absent,Present,Present,Present,Present,Absent,Present,Absent,Absent,Absent,Absent,Present,Absent,Present
Aromatics degradation,Benzoyl-CoA reduction,bcrABCD,Absent,Present,Absent,Absent,Absent,Present,Absent,Present,Absent,Present,Absent,Present,Absent,Absent,Absent,Present,Absent,Absent,Absent,Absent,Absent,Absent,Absent,Present,Absent,Absent,Absent,Absent,Absent,Absent,Absent,Absent,Absent,Absent,Absent,Absent,Present,Absent,Absent,Absent,Absent,Absent,Present,Absent,Absent,Absent,Absent,Absent,Absent,Present,Present,Absent,Absent,Absent,Absent,Absent,Absent,Absent,Absent,Absent,Absent,Absent,Absent,Absent,Absent,Absent,Absent,Absent,Absent,Absent,Absent,Absent,Absent,Absent,Absent,Absent,Present,Absent,Absent,Present,Absent,Absent,Absent,Absent,Absent,Absent,Present,Absent,Absent,Absent,Present,Absent,Absent,Absent,Absent,Absent,Absent,Absent,Absent,Absent,Absent,Absent,Present,Absent,Absent,Absent,Present,Absent,Absent,Absent,Absent,Absent,Absent,Present,Present,Absent,Absent,Absent,Absent,Absent,Present,Present,Present,Absent,Absent,Absent,Absent,Absent,Absent,Absent,Absent,Absent,Absent,Absent,Absent,Absent,Present,Absent,Absent,Absent,Present,Present,Absent,Absent,Absent,Present,Absent,Absent,Absent,Absent,Present,Absent,Absent,Absent,Absent,Absent,Absent,Absent,Absent,Absent,Present,Absent,Absent,Absent,Absent,Present,Absent,Absent,Present,Absent,Absent,Absent,Absent,Absent,Present,Absent,Absent,Absent,Absent,Absent,Present,Absent,Absent,Absent,Absent,Absent,Absent,Absent,Absent,Absent,Absent,Absent,Absent,Absent,Absent,Absent,Absent,Absent,Absent,Absent,Absent,Absent,Present,Absent,Absent,Absent,Absent,Present,Absent,Absent,Absent,Absent,Absent,Present,Absent,Absent,Absent,Present,Absent,Absent,Absent,Absent,Absent,Absent,Absent,Absent,Present,Present,Absent,Present,Absent,Absent,Absent,Absent,Absent,Present,Present,Present,Absent,Absent,Present,Absent,Absent,Absent,Absent,Present,Absent,Absent,Present,Absent,Absent,Absent,Absent,Present,Absent,Absent,Absent,Absent,Present,Absent,Absent,Absent,Absent,Absent,Absent,Absent,Absent,Absent,Absent,Absent,Absent,Absent,Absent,Absent
Complex carbon degradation,Cellulose degrading,cellobiosidase,Absent,Absent,Absent,Absent,Absent,Absent,Absent,Absent,Absent,Absent,Absent,Absent,Absent,Absent,Absent,Absent,Absent,Absent,Absent,Absent,Absent,Absent,Absent,Absent,Absent,Absent,Absent,Absent,Absent,Absent,Absent,Absent,Absent,Absent,Absent,Absent,Absent,Absent,Absent,Absent,Absent,Absent,Absent,Absent,Absent,Absent,Absent,Absent,Absent,Absent,Absent,Absent,Absent,Absent,Absent,Absent,Absent,Absent,Absent,Absent,Absent,Absent,Absent,Absent,Absent,Absent,Absent,Absent,Absent,Absent,Absent,Absent,Absent,Absent,Absent,Absent,Absent,Absent,Absent,Absent,Absent,Absent,Absent,Absent,Absent,Absent,Absent,Absent,Absent,Absent,Absent,Absent,Absent,Absent,Absent,Absent,Absent,Absent,Absent,Absent,Absent,Absent,Absent,Absent,Absent,Absent,Absent,Absent,Absent,Absent,Absent,Absent,Absent,Absent,Absent,Absent,Absent,Absent,Absent,Absent,Absent,Absent,Absent,Absent,Absent,Absent,Absent,Absent,Absent,Absent,Absent,Absent,Absent,Absent,Absent,Absent,Absent,Absent,Absent,Absent,Absent,Absent,Absent,Absent,Absent,Absent,Absent,Absent,Absent,Absent,Absent,Absent,Absent,Absent,Absent,Absent,Absent,Absent,Absent,Absent,Absent,Absent,Absent,Absent,Absent,Absent,Absent,Absent,Absent,Absent,Absent,Absent,Absent,Absent,Absent,Absent,Absent,Absent,Absent,Absent,Absent,Absent,Absent,Absent,Absent,Absent,Absent,Absent,Absent,Absent,Absent,Absent,Absent,Absent,Absent,Absent,Absent,Absent,Absent,Absent,Absent,Absent,Absent,Absent,Absent,Absent,Absent,Absent,Absent,Absent,Absent,Absent,Absent,Absent,Absent,Absent,Absent,Absent,Absent,Absent,Absent,Absent,Absent,Absent,Absent,Absent,Absent,Absent,Absent,Absent,Absent,Absent,Absent,Absent,Absent,Absent,Absent,Absent,Absent,Absent,Absent,Absent,Absent,Absent,Absent,Absent,Absent,Absent,Absent,Absent,Absent,Absent,Absent,Absent,Absent,Absent,Absent,Absent,Absent,Absent,Absent,Absent,Absent,Absent,Absent,Absent,Absent,Absent,Absent,Absent,Absent,Absent,Absent,Absent
Complex carbon degradation,Cellulose degrading,cellulase,Absent,Absent,Present,Absent,Absent,Absent,Absent,Absent,Absent,Absent,Absent,Absent,Absent,Absent,Absent,Absent,Absent,Absent,Absent,Absent,Absent,Absent,Absent,Absent,Absent,Absent,Absent,Absent,Absent,Absent,Absent,Absent,Absent,Absent,Absent,Absent,Absent,Present,Absent,Present,Present,Absent,Absent,Present,Absent,Absent,Absent,Present,Absent,Present,Absent,Absent,Absent,Absent,Absent,Absent,Absent,Absent,Absent,Absent,Absent,Absent,Absent,Absent,Present,Absent,Absent,Present,Absent,Absent,Absent,Present,Present,Absent,Absent,Absent,Present,Present,Absent,Absent,Absent,Present,Absent,Absent,Absent,Present,Absent,Absent,Absent,Absent,Absent,Absent,Absent,Absent,Absent,Absent,Absent,Absent,Absent,Present,Present,Absent,Absent,Absent,Absent,Absent,Absent,Absent,Absent,Absent,Absent,Absent,Absent,Absent,Absent,Absent,Absent,Absent,Absent,Absent,Absent,Absent,Absent,Absent,Present,Absent,Absent,Present,Present,Absent,Absent,Absent,Absent,Absent,Absent,Absent,Absent,Absent,Present,Absent,Present,Present,Absent,Absent,Absent,Absent,Absent,Present,Present,Absent,Absent,Absent,Absent,Absent,Absent,Absent,Absent,Absent,Absent,Absent,Absent,Absent,Absent,Absent,Absent,Absent,Absent,Absent,Absent,Absent,Absent,Absent,Absent,Absent,Absent,Absent,Absent,Absent,Absent,Absent,Absent,Absent,Absent,Absent,Absent,Present,Absent,Absent,Absent,Absent,Absent,Absent,Absent,Absent,Absent,Absent,Absent,Present,Absent,Absent,Absent,Absent,Absent,Absent,Absent,Absent,Absent,Absent,Absent,Absent,Absent,Absent,Absent,Absent,Absent,Present,Absent,Absent,Absent,Absent,Absent,Absent,Absent,Absent,Absent,Present,Absent,Absent,Absent,Present,Absent,Absent,Present,Absent,Absent,Absent,Absent,Absent,Absent,Absent,Absent,Absent,Absent,Absent,Absent,Absent,Absent,Absent,Absent,Absent,Absent,Absent,Absent,Absent,Absent,Present,Present,Absent,Absent,Absent,Present,Absent,Absent,Absent,Absent,Present,Absent,Absent,Absent,Absent,Present,Absent,Absent,Absent
Complex carbon degradation,Cellulose degrading,beta-glucosidase,Absent,Present,Absent,Present,Absent,Absent,Present,Present,Present,Absent,Absent,Present,Absent,Absent,Absent,Present,Absent,Absent,Absent,Absent,Absent,Absent,Absent,Absent,Absent,Absent,Absent,Absent,Absent,Absent,Absent,Absent,Absent,Absent,Absent,Present,Present,Absent,Absent,Present,Absent,Absent,Absent,Absent,Absent,Absent,Absent,Absent,Absent,Absent,Absent,Absent,Present,Absent,Absent,Present,Absent,Absent,Absent,Absent,Absent,Absent,Absent,Absent,Present,Absent,Absent,Absent,Present,Present,Absent,Present,Absent,Absent,Absent,Absent,Present,Absent,Absent,Absent,Absent,Present,Absent,Present,Present,Absent,Absent,Present,Absent,Absent,Absent,Absent,Absent,Absent,Present,Absent,Absent,Present,Absent,Present,Present,Absent,Absent,Absent,Absent,Absent,Present,Absent,Absent,Absent,Present,Absent,Absent,Absent,Absent,Present,Absent,Present,Present,Absent,Present,Present,Absent,Absent,Present,Absent,Present,Present,Absent,Present,Present,Absent,Absent,Absent,Present,Present,Absent,Absent,Present,Absent,Present,Absent,Absent,Present,Absent,Absent,Absent,Present,Absent,Present,Present,Present,Absent,Absent,Absent,Absent,Absent,Absent,Absent,Present,Present,Absent,Absent,Present,Absent,Absent,Absent,Absent,Present,Present,Absent,Absent,Absent,Absent,Absent,Absent,Present,Present,Absent,Absent,Absent,Absent,Absent,Absent,Absent,Present,Absent,Absent,Present,Absent,Present,Absent,Absent,Absent,Present,Absent,Absent,Present,Absent,Absent,Present,Present,Absent,Present,Present,Present,Absent,Absent,Absent,Present,Present,Absent,Absent,Absent,Absent,Present,Absent,Present,Absent,Absent,Absent,Absent,Absent,Absent,Absent,Present,Absent,Absent,Absent,Present,Absent,Absent,Present,Absent,Absent,Present,Present,Absent,Absent,Absent,Absent,Absent,Absent,Absent,Absent,Absent,Absent,Absent,Absent,Absent,Absent,Absent,Present,Present,Absent,Absent,Present,Absent,Present,Absent,Present,Absent,Absent,Absent,Absent,Absent,Absent,Present,Absent,Absent,Present,Absent,Present,Absent
Complex carbon degradation,Hemicullulose debranching,arabinosidase,Absent,Absent,Absent,Present,Absent,Absent,Present,Absent,Absent,Absent,Absent,Absent,Absent,Absent,Absent,Absent,Absent,Present,Absent,Absent,Absent,Absent,Absent,Absent,Absent,Absent,Absent,Absent,Absent,Absent,Absent,Absent,Absent,Absent,Absent,Absent,Absent,Present,Absent,Absent,Absent,Absent,Absent,Absent,Absent,Absent,Absent,Absent,Absent,Absent,Absent,Absent,Absent,Absent,Absent,Absent,Absent,Absent,Absent,Absent,Absent,Absent,Absent,Absent,Present,Absent,Absent,Present,Present,Present,Absent,Absent,Absent,Absent,Absent,Absent,Present,Absent,Absent,Absent,Absent,Present,Absent,Absent,Absent,Absent,Present,Absent,Absent,Absent,Absent,Absent,Absent,Absent,Present,Absent,Absent,Present,Absent,Absent,Present,Absent,Absent,Absent,Absent,Absent,Absent,Present,Absent,Absent,Absent,Absent,Absent,Present,Absent,Absent,Absent,Absent,Present,Absent,Absent,Absent,Absent,Absent,Present,Absent,Present,Present,Absent,Present,Present,Absent,Absent,Absent,Present,Present,Present,Absent,Present,Absent,Present,Present,Absent,Present,Absent,Absent,Absent,Absent,Absent,Present,Absent,Absent,Absent,Absent,Absent,Absent,Absent,Absent,Absent,Absent,Absent,Present,Absent,Present,Absent,Absent,Absent,Absent,Present,Absent,Absent,Absent,Absent,Absent,Absent,Absent,Present,Present,Absent,Present,Absent,Absent,Present,Absent,Absent,Present,Present,Absent,Absent,Absent,Absent,Absent,Absent,Present,Absent,Absent,Absent,Absent,Absent,Present,Absent,Absent,Absent,Absent,Absent,Absent,Absent,Present,Absent,Absent,Absent,Absent,Present,Present,Present,Present,Absent,Absent,Absent,Absent,Absent,Present,Absent,Present,Absent,Absent,Absent,Absent,Absent,Present,Absent,Absent,Absent,Absent,Absent,Absent,Absent,Absent,Absent,Absent,Absent,Absent,Absent,Absent,Absent,Absent,Absent,Absent,Absent,Absent,Absent,Absent,Present,Absent,Absent,Absent,Absent,Absent,Present,Absent,Absent,Absent,Absent,Absent,Absent,Absent,Absent,Present,Absent,Absent,Absent,Absent,Present,Absent
Complex carbon degradation,Hemicullulose debranching,beta-glucuronidase,Absent,Absent,Absent,Absent,Absent,Absent,Absent,Absent,Absent,Absent,Absent,Absent,Absent,Absent,Absent,Absent,Absent,Absent,Absent,Absent,Absent,Absent,Absent,Absent,Absent,Absent,Absent,Absent,Absent,Absent,Absent,Absent,Absent,Absent,Absent,Absent,Absent,Absent,Absent,Absent,Absent,Absent,Absent,Absent,Absent,Absent,Absent,Absent,Absent,Absent,Absent,Absent,Absent,Absent,Absent,Absent,Absent,Absent,Absent,Absent,Absent,Absent,Absent,Absent,Absent,Absent,Absent,Absent,Absent,Present,Absent,Absent,Absent,Absent,Absent,Absent,Present,Absent,Absent,Absent,Absent,Absent,Absent,Absent,Absent,Absent,Absent,Absent,Absent,Absent,Absent,Absent,Absent,Absent,Absent,Absent,Absent,Absent,Absent,Absent,Absent,Absent,Absent,Absent,Absent,Absent,Absent,Absent,Absent,Absent,Absent,Absent,Absent,Absent,Absent,Absent,Absent,Absent,Absent,Absent,Absent,Absent,Absent,Absent,Absent,Absent,Absent,Absent,Absent,Absent,Absent,Absent,Absent,Absent,Absent,Present,Absent,Absent,Absent,Absent,Absent,Absent,Absent,Absent,Absent,Absent,Absent,Absent,Absent,Absent,Absent,Absent,Absent,Absent,Absent,Absent,Absent,Absent,Absent,Absent,Absent,Absent,Absent,Absent,Absent,Absent,Absent,Absent,Absent,Absent,Absent,Absent,Absent,Absent,Absent,Absent,Absent,Absent,Absent,Absent,Absent,Absent,Absent,Absent,Absent,Present,Absent,Absent,Absent,Absent,Absent,Absent,Absent,Absent,Absent,Absent,Absent,Absent,Absent,Absent,Present,Present,Absent,Absent,Absent,Absent,Absent,Absent,Absent,Absent,Absent,Absent,Absent,Absent,Absent,Absent,Absent,Absent,Absent,Absent,Absent,Absent,Absent,Absent,Absent,Absent,Absent,Absent,Absent,Absent,Absent,Absent,Absent,Absent,Absent,Absent,Absent,Absent,Absent,Absent,Absent,Absent,Absent,Absent,Absent,Absent,Absent,Absent,Absent,Absent,Absent,Absent,Absent,Absent,Absent,Absent,Absent,Absent,Absent,Absent,Absent,Absent,Absent,Absent,Absent,Absent,Absent,Absent,Absent,Absent,Absent,Absent,Absent,Absent
Complex carbon degradation,Hemicullulose debranching,alpha-L-rhamnosidase,Absent,Absent,Absent,Present,Absent,Present,Absent,Absent,Absent,Absent,Absent,Present,Absent,Absent,Absent,Absent,Absent,Absent,Absent,Absent,Absent,Absent,Absent,Absent,Absent,Absent,Absent,Absent,Absent,Absent,Absent,Absent,Absent,Absent,Absent,Absent,Absent,Present,Absent,Absent,Absent,Absent,Absent,Absent,Absent,Absent,Absent,Absent,Absent,Absent,Absent,Absent,Present,Absent,Absent,Absent,Absent,Absent,Absent,Absent,Absent,Absent,Absent,Absent,Present,Absent,Present,Present,Absent,Present,Absent,Absent,Absent,Absent,Absent,Absent,Present,Absent,Present,Absent,Absent,Absent,Absent,Absent,Absent,Absent,Absent,Absent,Absent,Absent,Absent,Absent,Absent,Absent,Absent,Absent,Absent,Absent,Absent,Absent,Present,Absent,Absent,Absent,Absent,Absent,Absent,Absent,Absent,Absent,Absent,Absent,Absent,Absent,Absent,Absent,Absent,Absent,Absent,Absent,Absent,Absent,Absent,Absent,Absent,Absent,Absent,Absent,Absent,Absent,Absent,Absent,Absent,Absent,Present,Absent,Absent,Absent,Present,Absent,Absent,Present,Absent,Present,Absent,Absent,Absent,Absent,Absent,Absent,Present,Absent,Absent,Absent,Absent,Absent,Absent,Absent,Absent,Absent,Absent,Absent,Absent,Present,Absent,Absent,Absent,Absent,Absent,Present,Absent,Absent,Absent,Absent,Absent,Absent,Absent,Present,Absent,Absent,Absent,Absent,Present,Absent,Absent,Present,Absent,Absent,Absent,Absent,Absent,Absent,Absent,Absent,Absent,Absent,Absent,Absent,Absent,Absent,Absent,Absent,Absent,Absent,Absent,Absent,Absent,Present,Absent,Absent,Absent,Absent,Absent,Absent,Present,Present,Absent,Absent,Absent,Present,Absent,Absent,Absent,Absent,Absent,Present,Absent,Absent,Absent,Absent,Absent,Absent,Present,Absent,Absent,Absent,Absent,Absent,Absent,Absent,Absent,Absent,Absent,Absent,Absent,Absent,Absent,Absent,Absent,Absent,Absent,Absent,Present,Absent,Absent,Absent,Absent,Absent,Absent,Present,Absent,Absent,Absent,Absent,Absent,Absent,Absent,Absent,Absent,Absent,Absent,Absent,Absent,Absent
Complex carbon degradation,Endohemicellulases,"mannan endo-1,4-beta-mannosidase",Absent,Absent,Absent,Absent,Absent,Absent,Absent,Absent,Absent,Absent,Absent,Absent,Absent,Absent,Absent,Absent,Absent,Absent,Present,Absent,Present,Absent,Absent,Absent,Absent,Absent,Absent,Absent,Absent,Absent,Absent,Absent,Present,Absent,Absent,Absent,Absent,Absent,Absent,Present,Absent,Absent,Absent,Present,Absent,Absent,Absent,Absent,Absent,Absent,Absent,Absent,Absent,Absent,Absent,Present,Absent,Absent,Absent,Absent,Absent,Absent,Absent,Absent,Absent,Absent,Present,Present,Present,Present,Absent,Absent,Absent,Absent,Absent,Absent,Absent,Absent,Absent,Absent,Absent,Absent,Absent,Absent,Absent,Absent,Absent,Absent,Absent,Absent,Absent,Absent,Absent,Absent,Absent,Absent,Absent,Present,Present,Absent,Present,Absent,Absent,Absent,Absent,Absent,Absent,Absent,Absent,Absent,Absent,Absent,Absent,Absent,Absent,Absent,Absent,Absent,Absent,Absent,Absent,Absent,Present,Absent,Present,Absent,Absent,Present,Absent,Absent,Absent,Absent,Absent,Absent,Absent,Absent,Absent,Absent,Present,Absent,Present,Absent,Absent,Present,Absent,Absent,Absent,Present,Present,Absent,Absent,Absent,Absent,Present,Absent,Absent,Absent,Absent,Present,Absent,Present,Absent,Absent,Absent,Absent,Absent,Absent,Absent,Present,Absent,Absent,Absent,Absent,Absent,Present,Absent,Absent,Absent,Absent,Absent,Absent,Absent,Present,Absent,Absent,Absent,Absent,Absent,Absent,Absent,Absent,Absent,Absent,Absent,Present,Absent,Absent,Absent,Absent,Absent,Absent,Absent,Absent,Absent,Absent,Present,Absent,Absent,Absent,Absent,Present,Absent,Absent,Absent,Present,Present,Absent,Absent,Absent,Absent,Absent,Absent,Absent,Absent,Absent,Present,Absent,Absent,Present,Present,Absent,Absent,Present,Absent,Absent,Absent,Absent,Absent,Absent,Absent,Absent,Absent,Absent,Absent,Absent,Absent,Absent,Absent,Absent,Absent,Absent,Absent,Absent,Absent,Absent,Absent,Absent,Absent,Absent,Absent,Absent,Absent,Absent,Absent,Absent,Present,Absent,Absent,Absent,Absent,Absent,Absent,Absent,Absent
Complex carbon degradation,Endohemicellulases,alpha-D-xyloside xylohydrolase,Absent,Absent,Absent,Present,Absent,Absent,Absent,Absent,Absent,Absent,Absent,Absent,Absent,Absent,Absent,Absent,Absent,Present,Absent,Absent,Absent,Absent,Absent,Absent,Absent,Absent,Absent,Absent,Absent,Absent,Absent,Absent,Absent,Absent,Absent,Absent,Absent,Absent,Absent,Absent,Absent,Absent,Absent,Present,Absent,Absent,Absent,Absent,Absent,Absent,Absent,Absent,Absent,Absent,Absent,Absent,Absent,Absent,Absent,Absent,Absent,Absent,Absent,Absent,Present,Absent,Present,Absent,Absent,Present,Absent,Absent,Absent,Absent,Absent,Absent,Absent,Absent,Absent,Absent,Absent,Present,Absent,Absent,Absent,Absent,Absent,Absent,Absent,Absent,Absent,Absent,Absent,Absent,Absent,Absent,Absent,Present,Absent,Absent,Absent,Absent,Absent,Absent,Absent,Absent,Absent,Absent,Absent,Absent,Absent,Absent,Absent,Absent,Absent,Absent,Absent,Absent,Absent,Absent,Absent,Absent,Absent,Absent,Present,Absent,Absent,Present,Absent,Present,Present,Absent,Absent,Absent,Present,Present,Absent,Absent,Present,Absent,Absent,Absent,Absent,Present,Absent,Absent,Absent,Present,Absent,Absent,Absent,Absent,Absent,Absent,Absent,Absent,Absent,Absent,Absent,Absent,Absent,Absent,Absent,Present,Absent,Absent,Absent,Absent,Absent,Absent,Absent,Absent,Absent,Absent,Absent,Absent,Absent,Absent,Absent,Absent,Absent,Absent,Absent,Absent,Absent,Present,Present,Absent,Absent,Absent,Absent,Absent,Absent,Absent,Absent,Absent,Absent,Absent,Absent,Absent,Absent,Absent,Absent,Absent,Absent,Absent,Absent,Absent,Absent,Absent,Absent,Absent,Absent,Absent,Absent,Present,Absent,Absent,Absent,Absent,Absent,Absent,Absent,Absent,Absent,Absent,Absent,Absent,Absent,Absent,Absent,Absent,Absent,Absent,Absent,Absent,Absent,Absent,Absent,Absent,Absent,Absent,Absent,Absent,Absent,Absent,Absent,Absent,Absent,Absent,Absent,Absent,Absent,Absent,Absent,Absent,Absent,Absent,Absent,Absent,Absent,Absent,Absent,Absent,Absent,Absent,Absent,Absent,Absent,Absent,Absent,Absent,Absent,Absent
Complex carbon degradation,Other oligosaccharide degrading,beta-xylosidase,Absent,Absent,Absent,Absent,Absent,Absent,Absent,Absent,Absent,Absent,Absent,Absent,Absent,Absent,Absent,Absent,Absent,Present,Absent,Absent,Absent,Absent,Absent,Absent,Absent,Absent,Absent,Absent,Absent,Absent,Absent,Absent,Absent,Absent,Absent,Present,Absent,Present,Absent,Absent,Absent,Absent,Absent,Absent,Absent,Absent,Absent,Absent,Absent,Absent,Absent,Absent,Absent,Absent,Absent,Absent,Absent,Absent,Absent,Absent,Absent,Absent,Absent,Absent,Present,Absent,Present,Present,Absent,Absent,Absent,Present,Absent,Absent,Absent,Absent,Present,Absent,Absent,Absent,Absent,Absent,Absent,Absent,Absent,Absent,Present,Absent,Absent,Absent,Absent,Absent,Absent,Absent,Absent,Absent,Absent,Present,Absent,Absent,Present,Absent,Absent,Absent,Absent,Absent,Absent,Absent,Absent,Absent,Absent,Absent,Absent,Absent,Absent,Absent,Present,Absent,Absent,Absent,Absent,Absent,Absent,Absent,Absent,Absent,Absent,Present,Absent,Absent,Absent,Absent,Absent,Absent,Present,Absent,Absent,Absent,Present,Absent,Present,Absent,Absent,Present,Absent,Absent,Absent,Absent,Absent,Absent,Absent,Absent,Absent,Absent,Absent,Absent,Present,Absent,Absent,Absent,Absent,Absent,Absent,Present,Absent,Absent,Absent,Absent,Present,Absent,Absent,Absent,Absent,Absent,Absent,Absent,Absent,Present,Absent,Absent,Absent,Absent,Absent,Absent,Absent,Absent,Absent,Absent,Absent,Absent,Absent,Absent,Absent,Absent,Absent,Absent,Absent,Absent,Absent,Absent,Absent,Absent,Absent,Absent,Absent,Absent,Absent,Absent,Absent,Absent,Absent,Absent,Absent,Present,Absent,Present,Absent,Absent,Absent,Absent,Absent,Absent,Absent,Absent,Absent,Absent,Absent,Absent,Absent,Present,Absent,Absent,Absent,Absent,Absent,Absent,Absent,Absent,Absent,Absent,Absent,Absent,Absent,Absent,Absent,Absent,Absent,Absent,Absent,Absent,Absent,Absent,Present,Absent,Absent,Absent,Present,Absent,Absent,Absent,Absent,Absent,Absent,Absent,Absent,Absent,Absent,Absent,Absent,Absent,Absent,Absent,Absent,Absent
Complex carbon degradation,Other oligosaccharide degrading,beta-mannosidase,Absent,Absent,Absent,Present,Absent,Absent,Absent,Absent,Absent,Absent,Absent,Absent,Absent,Absent,Absent,Absent,Absent,Absent,Absent,Absent,Absent,Absent,Absent,Absent,Absent,Absent,Absent,Absent,Absent,Absent,Absent,Absent,Absent,Absent,Absent,Absent,Absent,Absent,Absent,Absent,Absent,Absent,Absent,Absent,Absent,Absent,Absent,Absent,Absent,Absent,Absent,Absent,Absent,Absent,Absent,Absent,Absent,Absent,Absent,Absent,Absent,Absent,Absent,Absent,Present,Absent,Present,Absent,Absent,Present,Absent,Absent,Absent,Absent,Absent,Absent,Absent,Absent,Absent,Absent,Absent,Present,Absent,Absent,Absent,Absent,Absent,Absent,Absent,Absent,Absent,Absent,Absent,Absent,Absent,Absent,Absent,Present,Absent,Absent,Absent,Absent,Absent,Absent,Absent,Absent,Absent,Absent,Absent,Absent,Absent,Absent,Absent,Absent,Absent,Absent,Absent,Absent,Absent,Absent,Absent,Absent,Absent,Absent,Present,Absent,Absent,Present,Absent,Absent,Absent,Absent,Absent,Absent,Absent,Absent,Absent,Absent,Absent,Absent,Absent,Absent,Absent,Absent,Absent,Absent,Absent,Absent,Absent,Absent,Absent,Absent,Absent,Absent,Absent,Absent,Absent,Absent,Absent,Absent,Absent,Absent,Absent,Absent,Absent,Absent,Absent,Absent,Absent,Absent,Absent,Absent,Absent,Absent,Absent,Absent,Absent,Absent,Present,Absent,Absent,Absent,Absent,Present,Absent,Absent,Absent,Absent,Absent,Absent,Absent,Absent,Absent,Absent,Absent,Absent,Absent,Absent,Absent,Absent,Present,Absent,Absent,Absent,Absent,Absent,Absent,Absent,Absent,Absent,Absent,Absent,Absent,Absent,Absent,Absent,Absent,Absent,Absent,Absent,Absent,Absent,Absent,Absent,Absent,Absent,Absent,Absent,Absent,Absent,Absent,Absent,Absent,Absent,Absent,Absent,Absent,Absent,Absent,Absent,Absent,Absent,Absent,Absent,Absent,Absent,Absent,Absent,Absent,Absent,Absent,Absent,Absent,Absent,Absent,Absent,Absent,Absent,Absent,Absent,Absent,Absent,Absent,Absent,Absent,Absent,Absent,Absent,Absent,Absent,Absent,Absent,Absent,Absent
Complex carbon degradation,Other oligosaccharide degrading,beta-galactosidase,Absent,Absent,Absent,Present,Absent,Present,Present,Absent,Absent,Absent,Absent,Absent,Absent,Absent,Absent,Absent,Absent,Absent,Absent,Absent,Absent,Absent,Absent,Absent,Absent,Absent,Absent,Absent,Absent,Absent,Absent,Absent,Absent,Absent,Absent,Absent,Absent,Present,Absent,Present,Absent,Absent,Absent,Present,Absent,Absent,Absent,Absent,Absent,Absent,Absent,Absent,Absent,Absent,Absent,Absent,Absent,Absent,Absent,Absent,Absent,Absent,Absent,Absent,Present,Absent,Present,Present,Absent,Present,Absent,Absent,Absent,Absent,Absent,Absent,Present,Absent,Present,Absent,Absent,Absent,Absent,Absent,Absent,Absent,Present,Absent,Absent,Absent,Absent,Absent,Absent,Absent,Present,Absent,Absent,Present,Absent,Present,Present,Absent,Absent,Absent,Absent,Absent,Absent,Present,Absent,Absent,Absent,Absent,Absent,Absent,Absent,Absent,Absent,Present,Present,Absent,Absent,Present,Absent,Present,Present,Absent,Absent,Present,Absent,Absent,Present,Absent,Absent,Absent,Present,Present,Absent,Absent,Present,Absent,Present,Present,Absent,Present,Absent,Absent,Absent,Absent,Absent,Absent,Absent,Absent,Absent,Absent,Absent,Absent,Absent,Present,Absent,Absent,Absent,Absent,Absent,Absent,Absent,Absent,Absent,Absent,Present,Present,Absent,Absent,Absent,Absent,Absent,Absent,Present,Present,Absent,Absent,Absent,Absent,Present,Absent,Absent,Present,Absent,Absent,Present,Absent,Absent,Absent,Absent,Absent,Absent,Absent,Absent,Absent,Absent,Present,Present,Absent,Absent,Absent,Absent,Absent,Absent,Present,Absent,Absent,Absent,Absent,Absent,Present,Present,Present,Absent,Absent,Absent,Present,Absent,Absent,Absent,Absent,Absent,Present,Absent,Absent,Present,Present,Absent,Absent,Absent,Absent,Absent,Absent,Absent,Absent,Absent,Absent,Absent,Absent,Absent,Absent,Absent,Absent,Absent,Absent,Absent,Absent,Absent,Absent,Present,Absent,Absent,Absent,Absent,Absent,Absent,Absent,Absent,Absent,Absent,Absent,Absent,Absent,Absent,Absent,Absent,Absent,Absent,Absent,Absent,Absent
Complex carbon degradation,Amylolytic enzymes,alpha-amylase,Present,Absent,Absent,Present,Present,Present,Present,Absent,Absent,Absent,Absent,Absent,Absent,Absent,Present,Absent,Present,Absent,Absent,Present,Present,Present,Absent,Absent,Present,Absent,Absent,Absent,Absent,Absent,Absent,Absent,Absent,Absent,Absent,Present,Absent,Absent,Present,Absent,Absent,Absent,Absent,Absent,Present,Present,Absent,Absent,Absent,Present,Present,Absent,Absent,Absent,Absent,Present,Absent,Present,Absent,Absent,Present,Absent,Absent,Present,Absent,Absent,Absent,Present,Absent,Present,Absent,Present,Absent,Absent,Absent,Absent,Absent,Absent,Absent,Present,Absent,Absent,Absent,Absent,Present,Absent,Absent,Absent,Absent,Absent,Absent,Absent,Present,Absent,Present,Absent,Absent,Absent,Absent,Absent,Present,Absent,Absent,Absent,Absent,Absent,Absent,Absent,Absent,Present,Absent,Absent,Absent,Absent,Present,Absent,Absent,Absent,Absent,Absent,Absent,Present,Present,Absent,Present,Absent,Absent,Absent,Absent,Absent,Present,Absent,Absent,Absent,Present,Absent,Present,Absent,Absent,Absent,Absent,Absent,Absent,Absent,Absent,Present,Absent,Absent,Absent,Absent,Absent,Absent,Present,Present,Absent,Absent,Absent,Absent,Present,Present,Present,Present,Absent,Present,Present,Absent,Absent,Absent,Absent,Present,Absent,Present,Absent,Present,Present,Absent,Present,Absent,Absent,Present,Absent,Absent,Absent,Absent,Absent,Absent,Absent,Absent,Present,Absent,Absent,Absent,Present,Absent,Present,Absent,Absent,Present,Present,Present,Present,Present,Absent,Present,Absent,Absent,Absent,Absent,Absent,Absent,Absent,Absent,Absent,Absent,Absent,Present,Absent,Absent,Absent,Absent,Present,Absent,Absent,Present,Absent,Present,Absent,Present,Absent,Absent,Absent,Absent,Absent,Absent,Absent,Present,Present,Absent,Absent,Absent,Present,Absent,Absent,Absent,Absent,Present,Absent,Absent,Present,Absent,Absent,Absent,Present,Present,Absent,Absent,Present,Absent,Present,Absent,Present,Present,Absent,Absent,Present,Present,Absent,Absent,Absent,Present,Present,Present,Present,Present
Complex carbon degradation,Amylolytic enzymes,glucoamylase,Absent,Absent,Present,Absent,Absent,Absent,Absent,Absent,Absent,Absent,Absent,Present,Absent,Absent,Absent,Absent,Absent,Absent,Absent,Absent,Absent,Absent,Absent,Absent,Absent,Absent,Absent,Absent,Absent,Absent,Absent,Absent,Absent,Absent,Absent,Absent,Absent,Absent,Absent,Absent,Absent,Absent,Absent,Absent,Present,Absent,Absent,Absent,Absent,Absent,Absent,Absent,Absent,Absent,Absent,Absent,Absent,Absent,Absent,Absent,Absent,Absent,Absent,Absent,Present,Absent,Absent,Absent,Absent,Absent,Absent,Absent,Absent,Absent,Absent,Absent,Absent,Absent,Absent,Absent,Absent,Absent,Absent,Absent,Absent,Present,Absent,Absent,Absent,Absent,Absent,Absent,Absent,Absent,Present,Absent,Absent,Absent,Absent,Absent,Absent,Absent,Absent,Absent,Absent,Absent,Absent,Absent,Absent,Absent,Absent,Absent,Absent,Absent,Absent,Absent,Absent,Absent,Absent,Absent,Absent,Absent,Present,Absent,Absent,Absent,Absent,Absent,Absent,Absent,Absent,Absent,Absent,Present,Absent,Absent,Absent,Absent,Absent,Absent,Absent,Absent,Absent,Absent,Absent,Present,Absent,Present,Absent,Absent,Absent,Absent,Absent,Absent,Absent,Absent,Absent,Absent,Absent,Absent,Absent,Absent,Absent,Absent,Absent,Absent,Absent,Absent,Absent,Absent,Absent,Absent,Absent,Absent,Absent,Absent,Absent,Absent,Absent,Absent,Absent,Absent,Absent,Present,Absent,Absent,Absent,Absent,Absent,Absent,Present,Absent,Absent,Absent,Present,Absent,Absent,Absent,Absent,Absent,Absent,Absent,Absent,Absent,Absent,Present,Absent,Absent,Absent,Absent,Present,Absent,Absent,Absent,Absent,Absent,Absent,Absent,Absent,Absent,Absent,Absent,Absent,Absent,Absent,Present,Present,Absent,Absent,Present,Absent,Absent,Absent,Absent,Absent,Absent,Absent,Absent,Absent,Absent,Absent,Absent,Absent,Absent,Absent,Absent,Absent,Absent,Absent,Absent,Absent,Absent,Absent,Absent,Absent,Present,Present,Absent,Absent,Absent,Present,Absent,Absent,Absent,Absent,Absent,Absent,Absent,Absent,Absent,Absent,Absent,Present,Absent
Complex carbon degradation,Amylolytic enzymes,pullulanase,Absent,Absent,Absent,Absent,Absent,Absent,Absent,Absent,Absent,Absent,Absent,Absent,Absent,Absent,Absent,Absent,Absent,Absent,Absent,Absent,Absent,Absent,Absent,Absent,Absent,Absent,Absent,Absent,Absent,Absent,Absent,Absent,Absent,Absent,Absent,Absent,Absent,Absent,Absent,Absent,Absent,Absent,Absent,Absent,Absent,Absent,Absent,Absent,Absent,Absent,Absent,Absent,Absent,Absent,Absent,Absent,Absent,Absent,Absent,Absent,Absent,Absent,Absent,Absent,Absent,Absent,Absent,Absent,Absent,Present,Absent,Present,Absent,Absent,Absent,Absent,Absent,Absent,Absent,Absent,Absent,Absent,Absent,Absent,Absent,Absent,Absent,Absent,Absent,Absent,Absent,Absent,Absent,Absent,Absent,Absent,Absent,Absent,Absent,Absent,Absent,Absent,Absent,Absent,Absent,Absent,Absent,Absent,Absent,Absent,Absent,Absent,Absent,Absent,Absent,Absent,Absent,Absent,Absent,Absent,Absent,Absent,Absent,Absent,Absent,Absent,Absent,Absent,Absent,Absent,Absent,Absent,Absent,Absent,Absent,Present,Absent,Absent,Present,Absent,Absent,Absent,Absent,Absent,Absent,Absent,Absent,Absent,Absent,Absent,Absent,Absent,Present,Absent,Absent,Absent,Absent,Absent,Absent,Absent,Absent,Absent,Absent,Absent,Absent,Absent,Absent,Absent,Absent,Absent,Absent,Absent,Absent,Absent,Absent,Absent,Present,Present,Absent,Absent,Absent,Present,Absent,Absent,Absent,Absent,Absent,Absent,Absent,Absent,Absent,Absent,Absent,Absent,Absent,Absent,Absent,Absent,Absent,Absent,Present,Present,Absent,Absent,Absent,Absent,Absent,Absent,Absent,Absent,Absent,Absent,Absent,Absent,Absent,Absent,Absent,Absent,Absent,Absent,Absent,Absent,Absent,Absent,Absent,Absent,Absent,Absent,Absent,Absent,Absent,Absent,Absent,Absent,Absent,Absent,Absent,Absent,Absent,Absent,Absent,Absent,Absent,Absent,Absent,Absent,Absent,Absent,Absent,Absent,Absent,Absent,Present,Present,Absent,Absent,Absent,Absent,Absent,Absent,Absent,Absent,Absent,Absent,Absent,Absent,Absent,Absent,Absent,Absent,Absent,Absent,Absent,Absent
Complex carbon degradation,Amylolytic enzymes,isoamylase,Present,Absent,Absent,Present,Present,Present,Present,Absent,Absent,Absent,Absent,Absent,Absent,Absent,Absent,Absent,Present,Present,Absent,Absent,Present,Absent,Absent,Absent,Absent,Absent,Absent,Absent,Absent,Absent,Absent,Absent,Absent,Absent,Present,Present,Absent,Absent,Present,Absent,Absent,Absent,Absent,Absent,Absent,Present,Present,Absent,Absent,Absent,Present,Absent,Absent,Absent,Absent,Present,Present,Present,Absent,Absent,Absent,Absent,Present,Present,Absent,Absent,Absent,Present,Absent,Present,Absent,Absent,Absent,Absent,Absent,Absent,Present,Absent,Absent,Absent,Absent,Absent,Absent,Absent,Present,Absent,Present,Absent,Absent,Absent,Absent,Absent,Present,Absent,Absent,Absent,Absent,Absent,Absent,Absent,Present,Absent,Absent,Absent,Absent,Absent,Absent,Present,Absent,Absent,Present,Absent,Absent,Absent,Absent,Absent,Absent,Absent,Present,Absent,Absent,Absent,Absent,Absent,Absent,Absent,Absent,Absent,Absent,Absent,Absent,Absent,Absent,Absent,Absent,Present,Absent,Absent,Absent,Absent,Present,Absent,Absent,Present,Absent,Absent,Present,Absent,Absent,Absent,Absent,Absent,Absent,Present,Absent,Absent,Absent,Absent,Present,Present,Present,Absent,Absent,Absent,Present,Absent,Absent,Absent,Absent,Absent,Absent,Present,Present,Absent,Absent,Absent,Absent,Absent,Absent,Present,Absent,Present,Absent,Present,Present,Present,Absent,Absent,Absent,Absent,Absent,Absent,Absent,Absent,Absent,Absent,Absent,Absent,Absent,Absent,Absent,Present,Absent,Absent,Absent,Absent,Absent,Absent,Absent,Absent,Absent,Absent,Absent,Present,Absent,Absent,Absent,Absent,Absent,Absent,Absent,Absent,Absent,Present,Absent,Present,Absent,Present,Absent,Absent,Absent,Absent,Absent,Absent,Absent,Absent,Absent,Absent,Absent,Absent,Absent,Present,Absent,Absent,Absent,Absent,Absent,Absent,Present,Absent,Absent,Absent,Absent,Absent,Absent,Absent,Present,Absent,Absent,Absent,Absent,Absent,Absent,Absent,Present,Present,Absent,Absent,Absent,Absent,Absent,Present,Present,Present
Complex carbon degradation,Chitin degrading,chitiniase,Absent,Absent,Absent,Absent,Absent,Absent,Absent,Absent,Absent,Absent,Absent,Absent,Absent,Absent,Absent,Absent,Absent,Absent,Absent,Absent,Absent,Absent,Absent,Absent,Absent,Absent,Absent,Absent,Absent,Absent,Absent,Absent,Present,Absent,Absent,Absent,Absent,Absent,Absent,Absent,Absent,Absent,Absent,Absent,Absent,Absent,Absent,Absent,Absent,Absent,Absent,Absent,Absent,Absent,Absent,Absent,Absent,Absent,Absent,Absent,Absent,Absent,Absent,Absent,Absent,Absent,Absent,Present,Absent,Absent,Absent,Absent,Present,Absent,Absent,Absent,Absent,Absent,Absent,Absent,Absent,Present,Absent,Absent,Absent,Absent,Absent,Absent,Absent,Absent,Absent,Absent,Absent,Absent,Present,Absent,Absent,Present,Absent,Absent,Absent,Absent,Absent,Absent,Absent,Absent,Absent,Absent,Absent,Absent,Absent,Absent,Absent,Absent,Absent,Absent,Absent,Absent,Absent,Absent,Absent,Absent,Absent,Absent,Absent,Absent,Absent,Absent,Absent,Absent,Absent,Absent,Absent,Absent,Absent,Absent,Absent,Absent,Absent,Absent,Absent,Present,Absent,Absent,Absent,Absent,Absent,Absent,Absent,Absent,Absent,Absent,Absent,Absent,Absent,Absent,Absent,Absent,Absent,Absent,Absent,Absent,Absent,Present,Absent,Absent,Absent,Absent,Absent,Absent,Absent,Absent,Absent,Absent,Absent,Absent,Absent,Absent,Absent,Absent,Absent,Absent,Present,Absent,Absent,Absent,Absent,Absent,Absent,Absent,Absent,Absent,Absent,Absent,Absent,Absent,Absent,Absent,Absent,Absent,Absent,Absent,Absent,Absent,Absent,Absent,Absent,Absent,Absent,Absent,Absent,Absent,Absent,Absent,Present,Absent,Absent,Absent,Absent,Absent,Absent,Absent,Absent,Absent,Absent,Absent,Absent,Absent,Absent,Absent,Absent,Absent,Present,Absent,Absent,Absent,Absent,Absent,Absent,Absent,Absent,Absent,Absent,Absent,Absent,Absent,Absent,Absent,Absent,Absent,Absent,Absent,Absent,Absent,Absent,Absent,Absent,Absent,Absent,Absent,Absent,Absent,Absent,Absent,Absent,Absent,Absent,Absent,Absent,Absent,Absent,Absent,Absent,Absent
Complex carbon degradation,Chitin degrading,hexosaminidase,Absent,Present,Absent,Present,Absent,Present,Absent,Present,Absent,Absent,Absent,Present,Absent,Present,Present,Present,Present,Present,Present,Absent,Present,Absent,Present,Present,Present,Present,Present,Present,Present,Absent,Present,Present,Present,Absent,Absent,Absent,Absent,Present,Absent,Present,Absent,Absent,Absent,Present,Absent,Present,Absent,Present,Present,Present,Absent,Absent,Absent,Present,Absent,Present,Present,Present,Present,Absent,Present,Absent,Present,Present,Absent,Present,Present,Present,Absent,Present,Absent,Present,Present,Absent,Absent,Present,Absent,Absent,Present,Absent,Present,Present,Absent,Present,Absent,Absent,Present,Absent,Absent,Absent,Present,Absent,Absent,Absent,Present,Absent,Absent,Present,Present,Present,Present,Absent,Absent,Absent,Absent,Absent,Absent,Absent,Present,Absent,Present,Present,Absent,Absent,Absent,Absent,Absent,Present,Absent,Absent,Absent,Present,Absent,Present,Present,Absent,Present,Absent,Absent,Present,Present,Absent,Absent,Absent,Absent,Present,Absent,Absent,Present,Present,Present,Present,Absent,Present,Present,Present,Absent,Present,Absent,Absent,Present,Present,Absent,Absent,Present,Absent,Present,Present,Absent,Absent,Present,Absent,Present,Present,Present,Present,Absent,Present,Present,Absent,Present,Present,Absent,Absent,Present,Present,Present,Present,Absent,Absent,Present,Absent,Present,Present,Present,Present,Absent,Present,Absent,Present,Absent,Present,Present,Present,Present,Absent,Absent,Absent,Present,Absent,Present,Present,Present,Present,Present,Present,Present,Present,Absent,Present,Present,Present,Absent,Present,Present,Present,Absent,Present,Absent,Present,Present,Absent,Absent,Present,Present,Present,Present,Present,Present,Present,Absent,Present,Present,Present,Present,Present,Present,Absent,Present,Absent,Absent,Present,Absent,Present,Absent,Present,Absent,Absent,Present,Present,Present,Present,Present,Present,Present,Present,Absent,Absent,Present,Present,Present,Absent,Present,Present,Present,Present,Present,Absent,Present,Present,Present,Absent,Absent,Present
Fermentation,Pyruvate oxidation,porA,Absent,Absent,Present,Absent,Absent,Absent,Present,Absent,Present,Present,Absent,Absent,Absent,Absent,Present,Absent,Absent,Absent,Absent,Absent,Absent,Absent,Present,Present,Absent,Present,Absent,Present,Absent,Present,Absent,Absent,Present,Absent,Present,Absent,Absent,Present,Absent,Absent,Present,Absent,Present,Absent,Present,Absent,Absent,Absent,Absent,Absent,Absent,Absent,Absent,Absent,Absent,Absent,Absent,Absent,Absent,Absent,Absent,Absent,Absent,Absent,Present,Absent,Present,Absent,Present,Absent,Absent,Absent,Absent,Present,Present,Absent,Absent,Present,Present,Present,Absent,Absent,Absent,Present,Present,Present,Present,Present,Absent,Absent,Present,Absent,Absent,Absent,Absent,Present,Present,Absent,Absent,Absent,Absent,Absent,Absent,Present,Present,Present,Absent,Absent,Present,Present,Absent,Absent,Absent,Present,Present,Absent,Absent,Absent,Absent,Absent,Present,Absent,Present,Absent,Absent,Present,Present,Absent,Absent,Absent,Absent,Present,Present,Absent,Absent,Absent,Present,Absent,Absent,Absent,Absent,Present,Present,Absent,Absent,Absent,Present,Absent,Absent,Present,Absent,Absent,Absent,Absent,Absent,Present,Present,Absent,Absent,Absent,Absent,Absent,Absent,Absent,Absent,Present,Present,Present,Absent,Absent,Absent,Absent,Absent,Absent,Absent,Absent,Absent,Absent,Absent,Absent,Absent,Absent,Present,Absent,Absent,Present,Absent,Absent,Absent,Present,Absent,Absent,Present,Absent,Absent,Absent,Absent,Absent,Present,Absent,Absent,Absent,Present,Present,Absent,Absent,Present,Present,Present,Absent,Absent,Present,Present,Present,Present,Absent,Present,Absent,Absent,Present,Absent,Absent,Present,Present,Present,Absent,Absent,Absent,Absent,Absent,Absent,Present,Absent,Absent,Absent,Absent,Absent,Present,Absent,Absent,Present,Absent,Absent,Absent,Absent,Present,Absent,Absent,Absent,Absent,Absent,Present,Absent,Absent,Absent,Absent,Absent,Absent,Present,Absent,Absent,Absent,Absent,Absent,Absent,Absent,Present,Absent,Present,Present,Absent,Absent,Absent,Absent
Fermentation,Alcohol utilization,adh,Absent,Absent,Absent,Absent,Absent,Absent,Absent,Absent,Absent,Absent,Absent,Absent,Absent,Absent,Absent,Absent,Absent,Absent,Absent,Absent,Absent,Absent,Absent,Absent,Absent,Absent,Absent,Absent,Absent,Absent,Absent,Absent,Absent,Absent,Absent,Absent,Absent,Absent,Absent,Absent,Absent,Absent,Absent,Absent,Absent,Absent,Absent,Absent,Absent,Absent,Absent,Absent,Absent,Absent,Absent,Absent,Absent,Absent,Absent,Absent,Absent,Absent,Absent,Absent,Absent,Absent,Absent,Absent,Absent,Absent,Absent,Absent,Absent,Absent,Absent,Absent,Absent,Absent,Absent,Absent,Absent,Absent,Absent,Absent,Absent,Absent,Absent,Absent,Absent,Absent,Absent,Absent,Absent,Absent,Absent,Absent,Absent,Absent,Absent,Absent,Absent,Absent,Absent,Absent,Absent,Absent,Absent,Absent,Absent,Absent,Absent,Absent,Absent,Absent,Absent,Absent,Absent,Absent,Absent,Absent,Absent,Absent,Absent,Absent,Absent,Absent,Absent,Absent,Absent,Absent,Absent,Absent,Absent,Absent,Absent,Absent,Absent,Absent,Absent,Absent,Absent,Absent,Absent,Absent,Absent,Absent,Absent,Absent,Absent,Absent,Absent,Absent,Absent,Absent,Absent,Absent,Absent,Absent,Absent,Absent,Absent,Absent,Absent,Absent,Absent,Absent,Absent,Absent,Absent,Absent,Absent,Absent,Absent,Absent,Absent,Absent,Absent,Absent,Absent,Absent,Absent,Absent,Absent,Absent,Absent,Absent,Absent,Absent,Absent,Absent,Absent,Absent,Absent,Absent,Absent,Absent,Absent,Absent,Absent,Absent,Absent,Absent,Absent,Absent,Absent,Absent,Absent,Absent,Absent,Absent,Absent,Absent,Absent,Absent,Absent,Absent,Absent,Absent,Absent,Absent,Absent,Absent,Absent,Absent,Absent,Absent,Absent,Absent,Absent,Absent,Absent,Absent,Absent,Absent,Absent,Absent,Absent,Absent,Absent,Absent,Absent,Absent,Absent,Absent,Absent,Absent,Absent,Absent,Absent,Absent,Absent,Absent,Absent,Absent,Absent,Absent,Absent,Absent,Absent,Absent,Absent,Absent,Absent,Absent,Absent,Absent,Absent,Absent,Absent,Absent,Absent,Absent,Absent,Absent
Fermentation,Lactate utilization,ldh,Absent,Absent,Absent,Absent,Absent,Absent,Absent,Absent,Absent,Absent,Absent,Absent,Absent,Absent,Absent,Absent,Absent,Absent,Absent,Absent,Absent,Absent,Absent,Absent,Absent,Absent,Absent,Absent,Absent,Present,Absent,Absent,Absent,Absent,Absent,Absent,Absent,Absent,Absent,Absent,Absent,Absent,Absent,Absent,Absent,Absent,Absent,Absent,Absent,Absent,Absent,Absent,Absent,Absent,Absent,Absent,Absent,Absent,Absent,Absent,Absent,Absent,Absent,Absent,Absent,Absent,Present,Absent,Absent,Present,Present,Absent,Absent,Absent,Absent,Absent,Absent,Absent,Absent,Absent,Absent,Absent,Absent,Absent,Absent,Absent,Absent,Absent,Absent,Absent,Absent,Absent,Absent,Absent,Absent,Absent,Absent,Absent,Absent,Absent,Present,Absent,Absent,Absent,Absent,Absent,Absent,Absent,Absent,Absent,Absent,Absent,Absent,Absent,Absent,Absent,Absent,Absent,Absent,Absent,Present,Absent,Absent,Absent,Absent,Absent,Present,Absent,Present,Absent,Absent,Absent,Absent,Absent,Absent,Absent,Absent,Absent,Absent,Absent,Absent,Absent,Absent,Present,Absent,Absent,Absent,Absent,Absent,Absent,Absent,Absent,Absent,Absent,Absent,Absent,Absent,Absent,Absent,Absent,Absent,Absent,Absent,Present,Absent,Absent,Absent,Absent,Absent,Absent,Absent,Absent,Absent,Absent,Absent,Absent,Present,Present,Absent,Absent,Absent,Absent,Absent,Absent,Absent,Absent,Absent,Absent,Absent,Absent,Absent,Absent,Absent,Absent,Present,Absent,Absent,Absent,Absent,Absent,Absent,Absent,Absent,Absent,Absent,Absent,Absent,Absent,Absent,Absent,Absent,Absent,Absent,Absent,Absent,Absent,Absent,Absent,Absent,Absent,Absent,Absent,Absent,Present,Absent,Absent,Absent,Absent,Absent,Absent,Absent,Absent,Absent,Absent,Absent,Absent,Absent,Absent,Absent,Absent,Absent,Absent,Absent,Absent,Absent,Absent,Absent,Absent,Absent,Absent,Absent,Absent,Present,Absent,Absent,Absent,Absent,Absent,Absent,Absent,Absent,Absent,Absent,Absent,Present,Absent,Absent,Absent,Absent,Absent,Absent,Present,Absent,Present
Fermentation,Acetogenesis,acdA||ack||pta,Present,Present,Absent,Absent,Present,Absent,Absent,Present,Absent,Absent,Present,Present,Present,Absent,Present,Present,Present,Present,Absent,Absent,Present,Absent,Absent,Present,Absent,Absent,Absent,Present,Present,Absent,Present,Absent,Present,Absent,Absent,Present,Present,Present,Present,Present,Present,Present,Absent,Present,Present,Present,Present,Present,Absent,Present,Absent,Absent,Present,Present,Absent,Present,Absent,Present,Absent,Present,Absent,Present,Present,Present,Present,Present,Present,Present,Present,Present,Present,Present,Present,Absent,Present,Present,Present,Present,Present,Present,Absent,Present,Present,Present,Absent,Present,Present,Present,Present,Present,Present,Present,Absent,Present,Present,Present,Present,Present,Present,Present,Present,Present,Absent,Present,Present,Present,Present,Absent,Absent,Present,Present,Present,Present,Present,Present,Present,Absent,Present,Present,Absent,Present,Present,Present,Present,Present,Present,Present,Present,Present,Present,Present,Present,Present,Absent,Present,Present,Present,Present,Present,Absent,Present,Present,Present,Present,Absent,Absent,Absent,Present,Present,Present,Present,Absent,Present,Present,Absent,Present,Present,Present,Present,Present,Present,Present,Absent,Present,Present,Present,Present,Present,Present,Absent,Absent,Present,Present,Absent,Absent,Absent,Present,Present,Absent,Present,Present,Absent,Present,Present,Present,Present,Present,Present,Present,Absent,Present,Absent,Present,Present,Present,Present,Present,Present,Present,Absent,Present,Present,Absent,Absent,Present,Present,Absent,Present,Absent,Absent,Present,Present,Present,Present,Present,Present,Present,Present,Present,Present,Absent,Present,Absent,Present,Absent,Present,Present,Absent,Absent,Present,Present,Present,Present,Present,Absent,Present,Present,Absent,Present,Absent,Present,Absent,Present,Present,Present,Absent,Present,Present,Absent,Absent,Present,Absent,Present,Present,Absent,Absent,Present,Present,Present,Present,Absent,Absent,Present,Absent,Present,Present,Present,Present,Present,Present,Present,Present,Present,Present
Fermentation,Acetate to acetyl-CoA,acs,Present,Present,Absent,Present,Present,Absent,Present,Absent,Absent,Absent,Present,Present,Present,Absent,Present,Present,Present,Absent,Absent,Present,Absent,Present,Present,Present,Absent,Present,Present,Absent,Present,Present,Absent,Present,Absent,Present,Present,Absent,Present,Absent,Present,Absent,Present,Absent,Present,Present,Present,Present,Absent,Absent,Present,Absent,Absent,Absent,Present,Present,Absent,Present,Present,Absent,Present,Present,Present,Absent,Present,Present,Absent,Absent,Absent,Present,Absent,Absent,Present,Present,Present,Present,Absent,Absent,Present,Absent,Absent,Present,Absent,Present,Absent,Present,Absent,Absent,Present,Present,Absent,Present,Present,Absent,Absent,Absent,Present,Absent,Present,Absent,Absent,Present,Present,Absent,Present,Absent,Present,Absent,Absent,Present,Absent,Absent,Present,Absent,Present,Present,Present,Absent,Present,Absent,Present,Present,Present,Present,Present,Absent,Absent,Present,Present,Present,Absent,Absent,Absent,Present,Present,Present,Absent,Absent,Present,Absent,Absent,Present,Present,Absent,Absent,Present,Absent,Absent,Absent,Present,Present,Present,Absent,Absent,Present,Present,Present,Present,Absent,Present,Present,Present,Present,Absent,Present,Absent,Present,Absent,Absent,Present,Present,Present,Absent,Present,Present,Present,Present,Present,Absent,Absent,Present,Present,Present,Present,Absent,Absent,Present,Absent,Absent,Present,Present,Absent,Present,Absent,Absent,Absent,Present,Absent,Absent,Present,Present,Present,Absent,Present,Absent,Absent,Present,Present,Present,Present,Present,Present,Present,Present,Present,Present,Absent,Present,Absent,Present,Absent,Absent,Present,Present,Absent,Present,Present,Absent,Present,Present,Absent,Absent,Absent,Present,Present,Absent,Present,Absent,Present,Present,Absent,Present,Absent,Present,Present,Present,Absent,Present,Present,Present,Present,Present,Absent,Present,Absent,Present,Present,Present,Present,Present,Present,Absent,Present,Present,Present,Present,Present,Present,Absent,Absent,Present,Present,Absent,Absent,Absent,Absent
Fermentation,Pyruvate <=> acetyl-CoA + formate ,pflD,Absent,Absent,Absent,Absent,Absent,Absent,Absent,Absent,Absent,Absent,Absent,Absent,Absent,Absent,Absent,Absent,Absent,Absent,Absent,Absent,Absent,Absent,Absent,Absent,Absent,Absent,Absent,Absent,Absent,Absent,Absent,Absent,Absent,Absent,Absent,Absent,Absent,Absent,Absent,Absent,Absent,Absent,Absent,Absent,Absent,Absent,Absent,Absent,Absent,Absent,Absent,Absent,Absent,Absent,Absent,Absent,Absent,Absent,Absent,Absent,Absent,Absent,Absent,Absent,Present,Absent,Absent,Absent,Absent,Present,Absent,Absent,Absent,Absent,Absent,Absent,Absent,Absent,Absent,Absent,Absent,Absent,Absent,Absent,Absent,Absent,Absent,Absent,Absent,Absent,Absent,Absent,Absent,Absent,Absent,Absent,Absent,Absent,Absent,Absent,Absent,Absent,Absent,Absent,Absent,Absent,Absent,Absent,Absent,Absent,Absent,Absent,Absent,Absent,Absent,Absent,Absent,Absent,Absent,Absent,Absent,Absent,Absent,Absent,Absent,Absent,Absent,Absent,Present,Absent,Absent,Absent,Absent,Absent,Absent,Absent,Absent,Absent,Present,Absent,Absent,Absent,Absent,Absent,Absent,Absent,Absent,Absent,Absent,Absent,Absent,Absent,Absent,Absent,Absent,Absent,Absent,Absent,Absent,Absent,Absent,Absent,Absent,Absent,Absent,Absent,Absent,Absent,Absent,Absent,Absent,Absent,Absent,Absent,Absent,Absent,Present,Present,Absent,Absent,Absent,Absent,Absent,Absent,Absent,Absent,Absent,Absent,Absent,Absent,Absent,Absent,Absent,Absent,Absent,Absent,Absent,Absent,Absent,Absent,Absent,Absent,Absent,Absent,Absent,Absent,Absent,Absent,Absent,Absent,Absent,Absent,Absent,Absent,Absent,Absent,Absent,Absent,Absent,Absent,Absent,Absent,Absent,Absent,Absent,Absent,Absent,Absent,Absent,Absent,Absent,Absent,Absent,Absent,Absent,Absent,Absent,Absent,Absent,Absent,Absent,Absent,Absent,Absent,Absent,Absent,Absent,Absent,Absent,Absent,Absent,Absent,Present,Absent,Absent,Absent,Present,Absent,Absent,Absent,Absent,Absent,Absent,Absent,Absent,Present,Absent,Absent,Absent,Absent,Absent,Absent,Absent,Absent
C1 metabolism,Methanol oxidation,mxaF or mdh,Absent,Absent,Absent,Absent,Absent,Absent,Absent,Absent,Absent,Absent,Absent,Absent,Absent,Absent,Absent,Absent,Absent,Absent,Absent,Absent,Absent,Absent,Absent,Absent,Absent,Absent,Absent,Absent,Absent,Absent,Absent,Absent,Absent,Absent,Absent,Absent,Absent,Absent,Absent,Absent,Absent,Absent,Absent,Absent,Absent,Absent,Present,Present,Absent,Absent,Absent,Absent,Absent,Absent,Absent,Absent,Absent,Absent,Absent,Absent,Absent,Present,Absent,Absent,Absent,Absent,Absent,Absent,Absent,Absent,Absent,Present,Absent,Absent,Absent,Absent,Absent,Absent,Absent,Absent,Absent,Absent,Absent,Absent,Absent,Absent,Absent,Absent,Absent,Absent,Absent,Absent,Absent,Absent,Absent,Absent,Absent,Absent,Absent,Absent,Absent,Absent,Absent,Absent,Absent,Absent,Absent,Absent,Absent,Absent,Present,Absent,Absent,Absent,Absent,Present,Absent,Absent,Absent,Absent,Absent,Absent,Absent,Absent,Absent,Absent,Absent,Absent,Absent,Absent,Absent,Absent,Absent,Absent,Absent,Absent,Absent,Absent,Absent,Absent,Absent,Absent,Absent,Absent,Absent,Absent,Absent,Absent,Absent,Absent,Present,Absent,Absent,Absent,Absent,Absent,Absent,Present,Absent,Absent,Absent,Absent,Present,Absent,Absent,Absent,Absent,Absent,Absent,Absent,Absent,Absent,Absent,Absent,Absent,Absent,Absent,Absent,Absent,Absent,Absent,Absent,Absent,Absent,Absent,Absent,Absent,Absent,Absent,Absent,Absent,Absent,Absent,Absent,Absent,Absent,Absent,Absent,Absent,Absent,Absent,Absent,Absent,Absent,Absent,Absent,Absent,Absent,Absent,Absent,Absent,Absent,Absent,Absent,Absent,Absent,Absent,Absent,Absent,Absent,Absent,Absent,Absent,Absent,Absent,Absent,Absent,Absent,Absent,Absent,Absent,Absent,Absent,Absent,Present,Absent,Absent,Absent,Absent,Present,Absent,Present,Absent,Present,Absent,Absent,Absent,Absent,Absent,Absent,Absent,Absent,Absent,Absent,Present,Absent,Absent,Absent,Absent,Absent,Absent,Absent,Absent,Absent,Present,Present,Absent,Present,Absent,Absent,Absent,Present,Absent,Present
C1 metabolism,Methyl amine -> formaldehyde,mauAB,Absent,Absent,Absent,Absent,Absent,Absent,Absent,Absent,Absent,Absent,Absent,Absent,Absent,Absent,Absent,Absent,Absent,Absent,Absent,Absent,Absent,Absent,Absent,Absent,Absent,Absent,Absent,Absent,Absent,Absent,Absent,Absent,Absent,Absent,Absent,Absent,Absent,Absent,Absent,Absent,Absent,Absent,Absent,Absent,Absent,Absent,Absent,Absent,Absent,Absent,Absent,Absent,Absent,Absent,Absent,Absent,Absent,Absent,Absent,Absent,Absent,Absent,Absent,Absent,Absent,Absent,Absent,Absent,Absent,Absent,Absent,Absent,Absent,Absent,Absent,Absent,Absent,Absent,Absent,Absent,Absent,Absent,Absent,Absent,Absent,Absent,Absent,Absent,Absent,Absent,Absent,Absent,Absent,Absent,Absent,Absent,Absent,Absent,Absent,Absent,Absent,Absent,Absent,Absent,Absent,Absent,Absent,Absent,Absent,Absent,Absent,Absent,Absent,Absent,Absent,Absent,Absent,Absent,Absent,Absent,Absent,Absent,Absent,Absent,Absent,Absent,Absent,Absent,Absent,Absent,Absent,Absent,Absent,Absent,Absent,Absent,Absent,Absent,Absent,Absent,Absent,Absent,Absent,Absent,Absent,Absent,Absent,Absent,Absent,Absent,Absent,Absent,Absent,Absent,Absent,Absent,Absent,Absent,Absent,Absent,Absent,Absent,Absent,Absent,Absent,Absent,Absent,Absent,Absent,Absent,Absent,Absent,Absent,Absent,Absent,Absent,Absent,Absent,Absent,Absent,Absent,Absent,Absent,Absent,Absent,Absent,Absent,Absent,Absent,Absent,Absent,Absent,Absent,Absent,Absent,Absent,Absent,Absent,Absent,Absent,Absent,Absent,Absent,Absent,Absent,Absent,Absent,Absent,Absent,Absent,Absent,Absent,Absent,Absent,Absent,Absent,Absent,Absent,Absent,Absent,Absent,Absent,Absent,Absent,Absent,Absent,Absent,Absent,Absent,Absent,Absent,Absent,Absent,Absent,Absent,Absent,Absent,Absent,Absent,Absent,Absent,Absent,Absent,Absent,Absent,Absent,Absent,Absent,Absent,Absent,Absent,Absent,Absent,Absent,Absent,Absent,Absent,Absent,Absent,Absent,Absent,Absent,Absent,Absent,Absent,Absent,Absent,Absent,Absent,Absent,Absent,Absent,Absent,Absent
C1 metabolism,Formaldehyde oxidation,fdhA||fghA||frmA||mycoS_dep_FDH||fae,Present,Absent,Absent,Present,Absent,Present,Absent,Absent,Absent,Absent,Absent,Absent,Absent,Absent,Absent,Absent,Present,Absent,Present,Absent,Absent,Absent,Absent,Absent,Absent,Absent,Absent,Present,Absent,Absent,Present,Absent,Absent,Absent,Absent,Present,Absent,Absent,Absent,Absent,Absent,Absent,Absent,Absent,Absent,Present,Present,Absent,Absent,Present,Absent,Absent,Absent,Present,Absent,Absent,Present,Present,Present,Absent,Absent,Present,Present,Present,Absent,Present,Present,Absent,Absent,Absent,Absent,Present,Absent,Present,Present,Absent,Absent,Absent,Absent,Absent,Absent,Absent,Absent,Absent,Absent,Absent,Absent,Present,Absent,Absent,Absent,Absent,Absent,Absent,Absent,Absent,Absent,Absent,Absent,Absent,Absent,Absent,Absent,Absent,Absent,Present,Absent,Absent,Absent,Absent,Present,Present,Absent,Absent,Present,Present,Absent,Absent,Absent,Absent,Absent,Absent,Present,Absent,Absent,Present,Absent,Absent,Absent,Absent,Absent,Present,Absent,Absent,Absent,Absent,Absent,Absent,Absent,Present,Absent,Absent,Absent,Absent,Absent,Present,Absent,Absent,Absent,Absent,Absent,Absent,Absent,Absent,Absent,Present,Absent,Present,Absent,Absent,Absent,Absent,Absent,Absent,Present,Absent,Absent,Absent,Absent,Present,Absent,Absent,Present,Present,Absent,Present,Absent,Present,Absent,Absent,Absent,Absent,Absent,Absent,Present,Absent,Absent,Absent,Absent,Absent,Present,Absent,Absent,Present,Absent,Absent,Present,Absent,Absent,Absent,Absent,Present,Absent,Absent,Present,Absent,Absent,Absent,Absent,Absent,Absent,Absent,Absent,Absent,Absent,Absent,Absent,Absent,Absent,Absent,Present,Absent,Absent,Absent,Absent,Present,Absent,Present,Absent,Present,Absent,Absent,Absent,Absent,Present,Absent,Absent,Present,Absent,Present,Absent,Present,Absent,Present,Absent,Absent,Present,Absent,Absent,Absent,Present,Absent,Present,Absent,Present,Present,Present,Absent,Absent,Present,Present,Present,Present,Present,Present,Absent,Present,Absent,Absent,Absent,Present,Absent,Present,Present
C1 metabolism,Formate oxidation,fdoG||fdwB||fdoH||fdhAB,Present,Present,Present,Present,Present,Absent,Absent,Absent,Absent,Absent,Present,Present,Absent,Absent,Absent,Absent,Absent,Absent,Absent,Present,Absent,Absent,Absent,Present,Absent,Absent,Absent,Absent,Absent,Absent,Present,Present,Absent,Present,Present,Absent,Present,Present,Absent,Absent,Present,Present,Present,Absent,Absent,Present,Absent,Absent,Absent,Absent,Absent,Present,Absent,Absent,Absent,Absent,Present,Absent,Absent,Absent,Absent,Present,Present,Absent,Absent,Absent,Absent,Absent,Absent,Absent,Absent,Present,Absent,Present,Absent,Absent,Present,Present,Present,Present,Absent,Present,Absent,Present,Absent,Present,Absent,Present,Absent,Absent,Absent,Present,Absent,Present,Present,Present,Present,Present,Present,Present,Absent,Absent,Absent,Absent,Absent,Present,Absent,Present,Absent,Present,Present,Absent,Absent,Present,Present,Absent,Absent,Present,Absent,Absent,Present,Present,Absent,Absent,Present,Present,Present,Present,Absent,Absent,Absent,Present,Present,Present,Absent,Absent,Present,Present,Absent,Present,Present,Absent,Present,Present,Absent,Absent,Absent,Present,Absent,Present,Present,Present,Absent,Absent,Absent,Present,Present,Present,Absent,Absent,Present,Present,Present,Absent,Absent,Present,Absent,Present,Present,Absent,Present,Absent,Absent,Absent,Absent,Present,Absent,Absent,Absent,Present,Present,Absent,Absent,Absent,Absent,Present,Present,Absent,Absent,Present,Absent,Absent,Present,Present,Absent,Absent,Present,Absent,Absent,Absent,Present,Present,Present,Present,Absent,Absent,Absent,Present,Absent,Present,Absent,Absent,Present,Present,Absent,Absent,Absent,Absent,Present,Absent,Present,Present,Present,Present,Absent,Absent,Present,Present,Absent,Present,Absent,Absent,Absent,Present,Present,Absent,Absent,Absent,Absent,Present,Present,Absent,Absent,Present,Absent,Absent,Present,Absent,Present,Absent,Absent,Absent,Absent,Present,Absent,Absent,Absent,Absent,Present,Absent,Present,Absent,Absent,Absent,Present,Absent,Present,Present,Absent,Absent,Absent,Present,Absent,Present
C1 metabolism,Aerobic CO oxidation,coxS||coxM||coxL,Present,Present,Present,Absent,Present,Present,Present,Absent,Present,Present,Present,Present,Present,Absent,Absent,Present,Present,Present,Absent,Present,Absent,Absent,Absent,Present,Present,Present,Absent,Absent,Absent,Absent,Present,Present,Absent,Absent,Present,Present,Absent,Absent,Present,Absent,Absent,Absent,Absent,Absent,Absent,Present,Present,Absent,Present,Absent,Absent,Present,Present,Absent,Absent,Present,Absent,Absent,Absent,Absent,Absent,Absent,Present,Present,Present,Absent,Absent,Absent,Absent,Absent,Absent,Present,Absent,Absent,Absent,Absent,Present,Absent,Absent,Present,Present,Absent,Absent,Absent,Absent,Absent,Present,Absent,Absent,Absent,Present,Absent,Present,Absent,Present,Absent,Present,Absent,Absent,Absent,Absent,Absent,Present,Present,Absent,Absent,Present,Present,Absent,Absent,Absent,Present,Absent,Absent,Present,Absent,Absent,Absent,Present,Present,Absent,Present,Absent,Absent,Absent,Absent,Absent,Absent,Absent,Absent,Absent,Absent,Absent,Absent,Absent,Absent,Absent,Present,Absent,Absent,Present,Present,Present,Present,Present,Absent,Absent,Present,Present,Absent,Present,Present,Present,Absent,Absent,Absent,Absent,Present,Present,Present,Present,Present,Absent,Present,Present,Present,Absent,Absent,Present,Present,Present,Absent,Present,Present,Present,Absent,Absent,Absent,Absent,Present,Present,Present,Present,Absent,Present,Present,Absent,Absent,Present,Present,Present,Absent,Absent,Present,Present,Absent,Absent,Present,Absent,Present,Present,Absent,Present,Present,Present,Present,Absent,Present,Present,Absent,Present,Absent,Absent,Absent,Present,Absent,Absent,Absent,Present,Absent,Absent,Present,Absent,Absent,Present,Present,Absent,Present,Present,Present,Absent,Absent,Absent,Absent,Absent,Present,Present,Present,Absent,Absent,Absent,Absent,Absent,Absent,Absent,Present,Absent,Present,Present,Absent,Present,Present,Absent,Present,Absent,Present,Present,Absent,Present,Absent,Present,Present,Present,Present,Present,Present,Absent,Present,Absent,Absent,Present,Absent,Present,Present
Methane metabolism,Methane oxidation - Partculate methane monooxygenase,pmoABC,Absent,Absent,Absent,Absent,Absent,Absent,Absent,Absent,Absent,Absent,Absent,Absent,Absent,Absent,Absent,Absent,Absent,Absent,Absent,Absent,Absent,Absent,Absent,Absent,Absent,Absent,Absent,Absent,Absent,Absent,Absent,Absent,Absent,Absent,Absent,Absent,Absent,Absent,Absent,Absent,Absent,Absent,Absent,Absent,Absent,Absent,Absent,Absent,Absent,Absent,Absent,Absent,Absent,Absent,Absent,Absent,Absent,Absent,Absent,Absent,Absent,Absent,Absent,Absent,Absent,Absent,Absent,Absent,Absent,Absent,Absent,Absent,Absent,Absent,Absent,Absent,Absent,Absent,Absent,Absent,Absent,Absent,Absent,Absent,Absent,Absent,Absent,Absent,Absent,Absent,Absent,Absent,Absent,Absent,Absent,Absent,Absent,Absent,Absent,Absent,Absent,Absent,Absent,Absent,Absent,Absent,Absent,Absent,Absent,Absent,Present,Absent,Absent,Absent,Absent,Present,Absent,Absent,Absent,Absent,Absent,Absent,Absent,Absent,Absent,Absent,Absent,Absent,Absent,Absent,Absent,Absent,Absent,Absent,Absent,Absent,Absent,Absent,Absent,Absent,Absent,Absent,Absent,Absent,Absent,Absent,Absent,Absent,Absent,Absent,Absent,Absent,Absent,Absent,Absent,Absent,Absent,Absent,Absent,Absent,Absent,Absent,Absent,Absent,Absent,Absent,Absent,Absent,Absent,Absent,Absent,Absent,Absent,Absent,Absent,Absent,Absent,Absent,Absent,Absent,Absent,Absent,Absent,Absent,Absent,Absent,Absent,Absent,Absent,Absent,Absent,Absent,Absent,Absent,Absent,Absent,Absent,Absent,Absent,Absent,Absent,Absent,Absent,Absent,Absent,Absent,Absent,Absent,Absent,Absent,Absent,Absent,Absent,Absent,Absent,Absent,Absent,Absent,Absent,Absent,Absent,Absent,Absent,Absent,Absent,Absent,Absent,Absent,Absent,Absent,Absent,Absent,Absent,Absent,Absent,Absent,Absent,Absent,Present,Absent,Absent,Absent,Absent,Absent,Absent,Absent,Absent,Absent,Absent,Absent,Absent,Absent,Absent,Absent,Absent,Absent,Absent,Absent,Absent,Absent,Absent,Absent,Absent,Absent,Absent,Absent,Absent,Absent,Absent,Absent,Absent,Absent,Absent,Absent
Methane metabolism,Methane oxidation - Soluble methane monoxygenase,mmoBD,Absent,Absent,Absent,Absent,Absent,Absent,Absent,Absent,Absent,Absent,Absent,Absent,Absent,Absent,Absent,Absent,Absent,Absent,Absent,Absent,Absent,Absent,Absent,Absent,Absent,Absent,Absent,Present,Present,Absent,Absent,Absent,Present,Absent,Absent,Absent,Absent,Absent,Absent,Absent,Absent,Present,Absent,Absent,Absent,Absent,Absent,Absent,Absent,Absent,Absent,Absent,Absent,Absent,Absent,Absent,Absent,Absent,Absent,Absent,Absent,Absent,Absent,Absent,Absent,Absent,Present,Absent,Absent,Absent,Absent,Absent,Absent,Absent,Absent,Absent,Absent,Absent,Absent,Absent,Absent,Absent,Absent,Absent,Absent,Absent,Absent,Present,Present,Absent,Absent,Absent,Absent,Absent,Absent,Absent,Absent,Absent,Absent,Absent,Absent,Absent,Absent,Absent,Absent,Absent,Absent,Absent,Absent,Absent,Absent,Absent,Absent,Absent,Absent,Absent,Absent,Absent,Absent,Absent,Absent,Absent,Absent,Absent,Absent,Absent,Absent,Absent,Absent,Present,Absent,Absent,Absent,Absent,Absent,Absent,Absent,Absent,Absent,Absent,Absent,Absent,Present,Absent,Absent,Absent,Absent,Absent,Absent,Absent,Absent,Absent,Absent,Absent,Absent,Absent,Absent,Absent,Absent,Absent,Absent,Absent,Absent,Absent,Absent,Absent,Absent,Absent,Absent,Absent,Present,Absent,Absent,Absent,Absent,Absent,Absent,Absent,Absent,Absent,Absent,Absent,Absent,Absent,Absent,Absent,Present,Absent,Present,Absent,Absent,Absent,Absent,Absent,Absent,Absent,Absent,Absent,Absent,Absent,Absent,Absent,Absent,Absent,Absent,Absent,Absent,Absent,Absent,Present,Present,Absent,Absent,Absent,Absent,Present,Absent,Absent,Absent,Absent,Absent,Absent,Absent,Absent,Absent,Absent,Present,Absent,Absent,Absent,Absent,Absent,Absent,Absent,Present,Absent,Absent,Absent,Absent,Absent,Absent,Absent,Absent,Absent,Present,Absent,Absent,Absent,Absent,Present,Absent,Absent,Absent,Absent,Absent,Absent,Absent,Absent,Absent,Absent,Absent,Absent,Absent,Absent,Absent,Absent,Absent,Absent,Absent,Absent,Absent,Absent,Absent,Absent
Methane metabolism,Methane production,mcrABC,Absent,Absent,Absent,Absent,Absent,Absent,Absent,Absent,Absent,Absent,Absent,Absent,Absent,Absent,Absent,Absent,Absent,Absent,Absent,Absent,Absent,Absent,Absent,Absent,Absent,Absent,Absent,Absent,Absent,Absent,Absent,Absent,Absent,Absent,Absent,Absent,Absent,Absent,Absent,Absent,Absent,Absent,Absent,Absent,Absent,Absent,Absent,Absent,Absent,Absent,Absent,Absent,Absent,Absent,Absent,Absent,Absent,Absent,Absent,Absent,Absent,Absent,Absent,Absent,Absent,Absent,Absent,Absent,Absent,Absent,Absent,Absent,Absent,Absent,Present,Absent,Absent,Absent,Absent,Absent,Absent,Absent,Absent,Absent,Absent,Absent,Absent,Absent,Absent,Absent,Absent,Absent,Absent,Absent,Absent,Absent,Absent,Absent,Absent,Absent,Absent,Absent,Absent,Absent,Absent,Present,Absent,Absent,Absent,Absent,Absent,Absent,Absent,Absent,Absent,Absent,Absent,Absent,Absent,Absent,Absent,Absent,Absent,Absent,Absent,Present,Absent,Absent,Absent,Absent,Absent,Present,Absent,Absent,Absent,Absent,Absent,Absent,Absent,Absent,Absent,Absent,Absent,Absent,Absent,Absent,Absent,Absent,Absent,Absent,Absent,Absent,Absent,Absent,Absent,Absent,Absent,Absent,Absent,Absent,Absent,Absent,Absent,Absent,Absent,Absent,Absent,Absent,Absent,Absent,Absent,Absent,Absent,Absent,Absent,Absent,Absent,Absent,Absent,Absent,Absent,Absent,Absent,Absent,Absent,Absent,Absent,Absent,Absent,Absent,Absent,Absent,Absent,Absent,Absent,Absent,Present,Absent,Absent,Absent,Absent,Absent,Absent,Absent,Absent,Absent,Absent,Absent,Absent,Absent,Absent,Absent,Absent,Absent,Absent,Absent,Absent,Absent,Absent,Absent,Present,Absent,Absent,Absent,Absent,Absent,Absent,Absent,Absent,Absent,Absent,Absent,Absent,Absent,Absent,Absent,Absent,Absent,Absent,Absent,Absent,Absent,Absent,Absent,Absent,Absent,Absent,Absent,Absent,Absent,Absent,Absent,Absent,Absent,Absent,Absent,Absent,Absent,Absent,Absent,Absent,Absent,Absent,Absent,Absent,Absent,Absent,Absent,Absent,Absent,Absent,Absent,Absent,Absent
Carbon fixation,CBB cycle - Rubisco (Form I),Form I,Absent,Absent,Absent,Absent,Absent,Absent,Absent,Absent,Absent,Absent,Absent,Absent,Absent,Absent,Absent,Absent,Present,Absent,Absent,Absent,Absent,Absent,Absent,Absent,Absent,Absent,Absent,Absent,Absent,Absent,Absent,Absent,Absent,Absent,Absent,Absent,Absent,Absent,Absent,Absent,Absent,Absent,Absent,Absent,Absent,Absent,Absent,Absent,Absent,Absent,Absent,Absent,Absent,Absent,Absent,Absent,Absent,Present,Absent,Absent,Absent,Absent,Absent,Absent,Absent,Absent,Absent,Absent,Absent,Absent,Absent,Absent,Absent,Absent,Absent,Absent,Present,Absent,Absent,Absent,Absent,Absent,Absent,Absent,Present,Absent,Absent,Absent,Absent,Absent,Absent,Absent,Present,Absent,Absent,Absent,Absent,Absent,Absent,Absent,Absent,Absent,Absent,Absent,Present,Absent,Absent,Absent,Absent,Absent,Absent,Absent,Absent,Absent,Present,Absent,Absent,Absent,Absent,Absent,Absent,Absent,Absent,Absent,Absent,Absent,Absent,Absent,Absent,Absent,Absent,Absent,Absent,Absent,Absent,Absent,Absent,Absent,Absent,Present,Absent,Absent,Absent,Absent,Absent,Absent,Present,Absent,Absent,Absent,Absent,Absent,Present,Absent,Absent,Present,Absent,Absent,Present,Absent,Absent,Absent,Absent,Absent,Absent,Present,Absent,Absent,Absent,Absent,Absent,Absent,Present,Absent,Absent,Absent,Absent,Absent,Absent,Absent,Present,Absent,Absent,Absent,Absent,Absent,Absent,Absent,Absent,Absent,Absent,Absent,Absent,Absent,Absent,Absent,Absent,Present,Absent,Absent,Absent,Absent,Absent,Absent,Absent,Absent,Absent,Absent,Absent,Absent,Absent,Absent,Absent,Absent,Absent,Absent,Absent,Absent,Absent,Absent,Absent,Absent,Absent,Absent,Absent,Absent,Absent,Absent,Present,Absent,Absent,Absent,Absent,Absent,Absent,Absent,Absent,Absent,Absent,Absent,Absent,Absent,Absent,Absent,Absent,Absent,Absent,Absent,Present,Present,Absent,Absent,Absent,Absent,Absent,Present,Absent,Absent,Absent,Absent,Present,Absent,Absent,Absent,Absent,Absent,Absent,Absent,Absent,Present,Present,Absent,Absent,Absent
Carbon fixation,CBB cycle - Rubisco (Form II),Form II,Absent,Absent,Absent,Absent,Absent,Absent,Absent,Absent,Absent,Absent,Absent,Absent,Absent,Absent,Absent,Absent,Absent,Absent,Absent,Absent,Absent,Absent,Absent,Absent,Absent,Absent,Absent,Present,Absent,Absent,Absent,Present,Absent,Present,Absent,Absent,Absent,Absent,Absent,Absent,Absent,Absent,Absent,Absent,Absent,Absent,Absent,Absent,Absent,Absent,Absent,Absent,Absent,Absent,Absent,Absent,Present,Absent,Absent,Absent,Absent,Present,Absent,Absent,Absent,Absent,Absent,Absent,Absent,Absent,Absent,Absent,Absent,Absent,Absent,Absent,Absent,Absent,Absent,Absent,Absent,Absent,Absent,Absent,Absent,Absent,Absent,Absent,Absent,Absent,Absent,Absent,Absent,Absent,Absent,Absent,Absent,Absent,Absent,Absent,Absent,Absent,Absent,Absent,Absent,Absent,Absent,Absent,Absent,Absent,Absent,Absent,Absent,Absent,Absent,Absent,Absent,Absent,Absent,Absent,Absent,Absent,Absent,Absent,Absent,Absent,Absent,Absent,Absent,Absent,Absent,Absent,Absent,Absent,Absent,Absent,Absent,Absent,Absent,Absent,Absent,Absent,Absent,Absent,Absent,Absent,Absent,Absent,Absent,Absent,Absent,Absent,Absent,Absent,Absent,Absent,Absent,Absent,Absent,Absent,Absent,Absent,Absent,Absent,Absent,Absent,Absent,Absent,Absent,Absent,Absent,Absent,Absent,Absent,Absent,Absent,Absent,Absent,Absent,Absent,Absent,Absent,Absent,Absent,Absent,Absent,Absent,Absent,Absent,Absent,Absent,Present,Absent,Absent,Absent,Absent,Absent,Absent,Absent,Absent,Absent,Absent,Absent,Absent,Absent,Absent,Absent,Absent,Absent,Present,Absent,Absent,Absent,Absent,Absent,Absent,Absent,Absent,Absent,Absent,Absent,Absent,Absent,Absent,Absent,Absent,Absent,Absent,Absent,Absent,Absent,Absent,Absent,Absent,Absent,Absent,Absent,Absent,Absent,Present,Absent,Absent,Absent,Absent,Absent,Absent,Absent,Absent,Absent,Absent,Absent,Absent,Absent,Absent,Absent,Absent,Absent,Absent,Absent,Absent,Absent,Absent,Absent,Absent,Absent,Absent,Absent,Absent,Absent,Absent,Absent,Absent,Absent,Absent
Carbon fixation,3 Hydroxypropionate cycle,mcr||K14469,Absent,Absent,Absent,Absent,Absent,Absent,Absent,Absent,Absent,Absent,Absent,Absent,Absent,Absent,Absent,Absent,Absent,Absent,Absent,Absent,Absent,Absent,Absent,Absent,Absent,Absent,Absent,Absent,Absent,Absent,Absent,Absent,Absent,Absent,Absent,Absent,Absent,Absent,Absent,Absent,Absent,Absent,Absent,Absent,Absent,Absent,Absent,Absent,Absent,Absent,Absent,Absent,Absent,Absent,Absent,Absent,Absent,Absent,Absent,Absent,Absent,Absent,Absent,Absent,Absent,Absent,Absent,Absent,Absent,Absent,Absent,Absent,Absent,Absent,Absent,Absent,Absent,Absent,Absent,Absent,Absent,Absent,Absent,Absent,Absent,Absent,Absent,Absent,Absent,Absent,Absent,Absent,Absent,Absent,Absent,Absent,Absent,Absent,Absent,Absent,Absent,Absent,Absent,Absent,Absent,Absent,Absent,Absent,Absent,Absent,Absent,Absent,Absent,Absent,Absent,Absent,Absent,Absent,Absent,Absent,Absent,Absent,Absent,Absent,Absent,Absent,Absent,Absent,Absent,Absent,Absent,Absent,Absent,Absent,Absent,Absent,Absent,Absent,Absent,Absent,Absent,Absent,Absent,Absent,Absent,Absent,Absent,Absent,Absent,Absent,Absent,Absent,Absent,Absent,Absent,Absent,Absent,Absent,Absent,Absent,Absent,Absent,Absent,Absent,Absent,Absent,Absent,Absent,Absent,Absent,Absent,Absent,Absent,Absent,Absent,Absent,Absent,Absent,Absent,Absent,Absent,Absent,Absent,Absent,Absent,Absent,Absent,Absent,Absent,Absent,Absent,Absent,Absent,Absent,Absent,Absent,Absent,Absent,Absent,Absent,Absent,Absent,Absent,Absent,Absent,Absent,Absent,Absent,Absent,Absent,Absent,Absent,Absent,Absent,Absent,Absent,Absent,Absent,Absent,Absent,Absent,Absent,Absent,Absent,Absent,Absent,Absent,Absent,Absent,Absent,Absent,Absent,Absent,Absent,Absent,Absent,Absent,Absent,Absent,Absent,Absent,Absent,Absent,Absent,Absent,Absent,Absent,Absent,Absent,Absent,Absent,Absent,Absent,Absent,Absent,Absent,Absent,Absent,Absent,Absent,Absent,Absent,Absent,Absent,Absent,Absent,Absent,Absent,Absent,Absent,Absent,Absent,Absent,Absent
Carbon fixation,3HP/4HB,K14466||K18861,Absent,Absent,Absent,Absent,Absent,Absent,Absent,Absent,Absent,Absent,Absent,Absent,Absent,Absent,Absent,Absent,Absent,Absent,Absent,Absent,Absent,Absent,Absent,Absent,Absent,Absent,Absent,Absent,Absent,Absent,Absent,Absent,Absent,Absent,Absent,Absent,Absent,Absent,Absent,Absent,Absent,Absent,Absent,Absent,Absent,Absent,Absent,Absent,Absent,Absent,Absent,Absent,Absent,Absent,Absent,Absent,Absent,Absent,Absent,Absent,Absent,Absent,Absent,Absent,Absent,Absent,Absent,Absent,Absent,Absent,Absent,Absent,Absent,Absent,Absent,Absent,Absent,Absent,Absent,Absent,Absent,Absent,Absent,Absent,Absent,Absent,Absent,Absent,Absent,Absent,Absent,Absent,Absent,Absent,Absent,Absent,Absent,Absent,Absent,Absent,Absent,Absent,Absent,Absent,Absent,Absent,Absent,Absent,Absent,Absent,Absent,Absent,Absent,Absent,Absent,Absent,Absent,Absent,Absent,Absent,Absent,Absent,Absent,Absent,Absent,Absent,Absent,Absent,Absent,Absent,Absent,Absent,Absent,Absent,Absent,Absent,Absent,Absent,Absent,Absent,Absent,Absent,Absent,Absent,Absent,Absent,Absent,Absent,Absent,Absent,Absent,Absent,Absent,Absent,Absent,Absent,Absent,Absent,Absent,Absent,Absent,Absent,Absent,Absent,Absent,Absent,Absent,Absent,Absent,Absent,Absent,Absent,Absent,Absent,Absent,Absent,Absent,Absent,Absent,Absent,Absent,Absent,Absent,Absent,Absent,Absent,Absent,Absent,Absent,Absent,Absent,Absent,Absent,Absent,Absent,Absent,Absent,Absent,Absent,Absent,Absent,Absent,Absent,Absent,Absent,Absent,Absent,Absent,Absent,Absent,Absent,Absent,Absent,Absent,Absent,Absent,Absent,Absent,Absent,Absent,Absent,Absent,Absent,Absent,Absent,Absent,Absent,Absent,Absent,Absent,Absent,Absent,Absent,Absent,Absent,Absent,Absent,Absent,Absent,Absent,Absent,Absent,Absent,Absent,Absent,Absent,Absent,Absent,Absent,Absent,Absent,Absent,Absent,Absent,Absent,Absent,Absent,Absent,Absent,Absent,Absent,Absent,Absent,Absent,Absent,Absent,Absent,Absent,Absent,Absent,Absent,Absent,Absent,Absent
Carbon fixation,DC/4-HB,K18861||4hbl,Absent,Absent,Absent,Absent,Absent,Absent,Absent,Absent,Absent,Absent,Absent,Absent,Absent,Absent,Absent,Absent,Absent,Absent,Absent,Absent,Absent,Absent,Absent,Absent,Absent,Absent,Absent,Absent,Absent,Absent,Absent,Absent,Absent,Absent,Absent,Absent,Absent,Absent,Absent,Absent,Absent,Absent,Absent,Absent,Absent,Absent,Absent,Absent,Absent,Absent,Absent,Absent,Absent,Absent,Absent,Absent,Absent,Absent,Absent,Absent,Absent,Absent,Absent,Absent,Absent,Absent,Absent,Absent,Absent,Absent,Absent,Absent,Absent,Absent,Absent,Absent,Absent,Absent,Absent,Absent,Absent,Absent,Absent,Absent,Absent,Absent,Absent,Absent,Absent,Absent,Absent,Absent,Absent,Absent,Absent,Absent,Absent,Absent,Absent,Absent,Absent,Absent,Absent,Absent,Absent,Absent,Absent,Absent,Absent,Absent,Absent,Absent,Absent,Absent,Absent,Absent,Absent,Absent,Absent,Absent,Absent,Absent,Absent,Absent,Absent,Absent,Absent,Absent,Absent,Absent,Absent,Absent,Absent,Absent,Absent,Absent,Absent,Absent,Absent,Absent,Absent,Absent,Absent,Absent,Absent,Absent,Absent,Absent,Absent,Absent,Absent,Absent,Absent,Absent,Absent,Absent,Absent,Absent,Absent,Absent,Absent,Absent,Absent,Absent,Absent,Absent,Absent,Absent,Absent,Absent,Absent,Absent,Absent,Absent,Absent,Absent,Absent,Absent,Absent,Absent,Absent,Absent,Absent,Absent,Absent,Absent,Absent,Absent,Absent,Absent,Absent,Absent,Absent,Absent,Absent,Absent,Absent,Absent,Absent,Absent,Absent,Absent,Absent,Absent,Absent,Absent,Absent,Absent,Absent,Absent,Absent,Absent,Absent,Absent,Absent,Absent,Absent,Absent,Absent,Absent,Absent,Absent,Absent,Absent,Absent,Absent,Absent,Absent,Absent,Absent,Absent,Absent,Absent,Absent,Absent,Absent,Absent,Absent,Absent,Absent,Absent,Absent,Absent,Absent,Absent,Absent,Absent,Absent,Absent,Absent,Absent,Absent,Absent,Absent,Absent,Absent,Absent,Absent,Absent,Absent,Absent,Absent,Absent,Absent,Absent,Absent,Absent,Absent,Absent,Absent,Absent,Absent,Absent,Absent
Carbon fixation,Wood Ljungdahl pathway,cdhD||cdhE||cooS,Absent,Absent,Present,Absent,Absent,Absent,Absent,Absent,Absent,Present,Absent,Absent,Absent,Absent,Absent,Absent,Absent,Absent,Absent,Absent,Absent,Absent,Absent,Absent,Absent,Absent,Absent,Absent,Present,Present,Absent,Absent,Absent,Absent,Present,Absent,Absent,Absent,Absent,Absent,Present,Present,Absent,Absent,Absent,Absent,Absent,Absent,Absent,Absent,Absent,Absent,Absent,Absent,Absent,Absent,Absent,Absent,Absent,Absent,Absent,Absent,Absent,Absent,Absent,Absent,Absent,Absent,Absent,Absent,Absent,Absent,Absent,Present,Present,Absent,Absent,Absent,Absent,Present,Absent,Absent,Absent,Present,Absent,Present,Present,Present,Absent,Absent,Absent,Absent,Absent,Present,Absent,Present,Present,Absent,Present,Absent,Absent,Absent,Present,Absent,Present,Present,Absent,Absent,Present,Absent,Absent,Absent,Absent,Absent,Absent,Absent,Absent,Absent,Absent,Absent,Present,Absent,Present,Absent,Absent,Present,Present,Absent,Present,Present,Absent,Present,Present,Present,Absent,Absent,Present,Absent,Absent,Absent,Absent,Absent,Absent,Absent,Absent,Present,Absent,Absent,Absent,Present,Absent,Absent,Absent,Absent,Absent,Absent,Absent,Absent,Absent,Absent,Absent,Absent,Absent,Present,Absent,Absent,Absent,Absent,Absent,Absent,Absent,Absent,Absent,Absent,Absent,Absent,Absent,Absent,Absent,Absent,Absent,Absent,Absent,Absent,Absent,Absent,Present,Absent,Absent,Absent,Absent,Absent,Present,Absent,Absent,Absent,Present,Absent,Absent,Present,Absent,Absent,Present,Absent,Absent,Absent,Absent,Absent,Absent,Absent,Absent,Absent,Present,Absent,Absent,Absent,Absent,Absent,Absent,Absent,Present,Absent,Absent,Absent,Absent,Absent,Absent,Absent,Absent,Absent,Present,Absent,Absent,Absent,Absent,Present,Absent,Present,Absent,Absent,Present,Absent,Absent,Absent,Absent,Present,Absent,Absent,Absent,Absent,Absent,Absent,Absent,Absent,Absent,Absent,Absent,Absent,Absent,Absent,Absent,Absent,Absent,Absent,Absent,Absent,Absent,Present,Absent,Absent,Absent,Absent,Absent,Absent
Carbon fixation,Reverse TCA cycle,aclAB,Absent,Absent,Absent,Absent,Absent,Absent,Absent,Absent,Absent,Absent,Absent,Absent,Absent,Absent,Absent,Absent,Absent,Absent,Absent,Absent,Absent,Absent,Absent,Absent,Absent,Absent,Absent,Absent,Absent,Absent,Absent,Absent,Absent,Absent,Absent,Absent,Absent,Absent,Absent,Absent,Absent,Absent,Absent,Absent,Absent,Absent,Absent,Absent,Absent,Absent,Absent,Absent,Absent,Absent,Absent,Absent,Absent,Absent,Absent,Absent,Absent,Absent,Absent,Absent,Absent,Absent,Absent,Absent,Absent,Absent,Absent,Absent,Absent,Absent,Absent,Absent,Absent,Absent,Absent,Absent,Absent,Absent,Absent,Absent,Absent,Absent,Absent,Absent,Absent,Absent,Absent,Absent,Absent,Absent,Absent,Absent,Absent,Absent,Absent,Absent,Absent,Absent,Absent,Absent,Absent,Absent,Absent,Absent,Absent,Absent,Absent,Absent,Absent,Absent,Absent,Absent,Absent,Absent,Absent,Absent,Absent,Absent,Present,Absent,Absent,Absent,Absent,Absent,Absent,Absent,Absent,Absent,Absent,Absent,Absent,Absent,Absent,Absent,Absent,Absent,Absent,Absent,Absent,Absent,Absent,Absent,Absent,Absent,Absent,Absent,Absent,Absent,Absent,Present,Absent,Absent,Absent,Absent,Absent,Absent,Absent,Absent,Absent,Absent,Absent,Absent,Absent,Absent,Absent,Absent,Absent,Present,Absent,Absent,Absent,Absent,Absent,Absent,Absent,Absent,Absent,Absent,Absent,Absent,Absent,Absent,Absent,Absent,Absent,Absent,Absent,Absent,Absent,Absent,Absent,Absent,Absent,Absent,Absent,Absent,Absent,Absent,Absent,Absent,Absent,Absent,Present,Absent,Absent,Absent,Absent,Absent,Absent,Absent,Absent,Absent,Absent,Absent,Absent,Absent,Present,Absent,Absent,Absent,Absent,Absent,Absent,Absent,Absent,Absent,Absent,Absent,Absent,Absent,Absent,Absent,Absent,Absent,Absent,Absent,Absent,Absent,Absent,Absent,Absent,Absent,Absent,Absent,Absent,Absent,Absent,Absent,Absent,Absent,Absent,Absent,Absent,Absent,Absent,Absent,Absent,Absent,Absent,Absent,Absent,Absent,Absent,Absent,Absent,Absent,Absent,Absent,Absent,Absent
Nitrogen cycling,Ammonia oxidation,amoABC,Absent,Absent,Absent,Absent,Absent,Absent,Absent,Absent,Absent,Absent,Absent,Absent,Absent,Absent,Absent,Absent,Absent,Absent,Absent,Absent,Absent,Absent,Absent,Absent,Absent,Absent,Absent,Absent,Absent,Absent,Absent,Absent,Absent,Absent,Absent,Absent,Absent,Absent,Absent,Absent,Absent,Absent,Absent,Absent,Absent,Absent,Absent,Absent,Absent,Absent,Absent,Absent,Absent,Absent,Absent,Absent,Absent,Absent,Absent,Present,Absent,Absent,Absent,Absent,Absent,Absent,Absent,Absent,Absent,Absent,Absent,Absent,Absent,Absent,Absent,Absent,Absent,Absent,Absent,Absent,Absent,Absent,Absent,Absent,Absent,Absent,Absent,Absent,Absent,Present,Absent,Absent,Absent,Absent,Absent,Absent,Absent,Absent,Absent,Absent,Absent,Absent,Absent,Absent,Absent,Absent,Absent,Absent,Absent,Absent,Absent,Absent,Present,Absent,Absent,Absent,Present,Absent,Absent,Absent,Absent,Absent,Absent,Absent,Absent,Absent,Absent,Absent,Absent,Absent,Absent,Absent,Absent,Absent,Absent,Absent,Absent,Absent,Absent,Absent,Absent,Absent,Absent,Absent,Absent,Absent,Absent,Absent,Absent,Absent,Absent,Absent,Absent,Absent,Absent,Absent,Absent,Absent,Absent,Absent,Absent,Absent,Absent,Absent,Absent,Absent,Absent,Absent,Absent,Absent,Absent,Absent,Absent,Absent,Absent,Absent,Absent,Absent,Present,Absent,Absent,Absent,Absent,Absent,Absent,Absent,Absent,Present,Absent,Absent,Absent,Absent,Absent,Absent,Absent,Present,Absent,Absent,Absent,Absent,Absent,Absent,Absent,Absent,Absent,Absent,Absent,Absent,Absent,Absent,Absent,Absent,Absent,Absent,Absent,Absent,Absent,Absent,Absent,Absent,Absent,Absent,Absent,Absent,Absent,Absent,Absent,Absent,Absent,Absent,Absent,Absent,Absent,Absent,Absent,Absent,Absent,Absent,Present,Absent,Absent,Absent,Present,Absent,Present,Absent,Absent,Absent,Absent,Absent,Absent,Absent,Absent,Absent,Absent,Absent,Absent,Present,Absent,Absent,Absent,Absent,Absent,Absent,Absent,Absent,Absent,Absent,Absent,Absent,Absent,Absent,Absent,Absent
Nitrogen cycling,N2 fixation,anfDKG||nifDK||vnfDKG||nifH,Absent,Absent,Absent,Absent,Absent,Absent,Absent,Absent,Absent,Absent,Absent,Absent,Absent,Absent,Absent,Absent,Absent,Absent,Absent,Absent,Absent,Absent,Absent,Absent,Absent,Absent,Absent,Absent,Present,Absent,Absent,Absent,Absent,Absent,Present,Absent,Absent,Absent,Absent,Absent,Absent,Absent,Absent,Absent,Absent,Absent,Absent,Absent,Absent,Absent,Absent,Absent,Absent,Absent,Absent,Absent,Present,Absent,Absent,Absent,Absent,Present,Absent,Absent,Absent,Absent,Absent,Absent,Absent,Absent,Absent,Absent,Absent,Absent,Absent,Absent,Absent,Absent,Absent,Absent,Absent,Absent,Absent,Absent,Absent,Absent,Absent,Absent,Absent,Absent,Absent,Absent,Absent,Absent,Absent,Absent,Absent,Absent,Absent,Absent,Absent,Absent,Absent,Absent,Absent,Present,Absent,Absent,Absent,Absent,Present,Absent,Absent,Absent,Absent,Absent,Absent,Absent,Absent,Absent,Absent,Absent,Absent,Absent,Absent,Absent,Absent,Absent,Present,Present,Absent,Present,Absent,Absent,Present,Present,Absent,Absent,Present,Absent,Absent,Absent,Absent,Absent,Absent,Absent,Absent,Absent,Absent,Absent,Absent,Absent,Absent,Absent,Absent,Absent,Absent,Absent,Absent,Absent,Absent,Absent,Absent,Absent,Absent,Absent,Absent,Absent,Absent,Absent,Absent,Absent,Absent,Absent,Absent,Absent,Absent,Absent,Absent,Absent,Absent,Absent,Absent,Absent,Absent,Absent,Absent,Absent,Absent,Absent,Absent,Absent,Absent,Present,Absent,Absent,Absent,Absent,Absent,Absent,Absent,Absent,Absent,Absent,Absent,Absent,Present,Absent,Absent,Absent,Absent,Absent,Absent,Absent,Absent,Absent,Absent,Absent,Present,Absent,Present,Absent,Absent,Absent,Absent,Absent,Absent,Present,Absent,Absent,Absent,Absent,Absent,Absent,Absent,Absent,Absent,Absent,Present,Absent,Absent,Absent,Absent,Absent,Absent,Absent,Absent,Absent,Absent,Absent,Absent,Absent,Absent,Absent,Absent,Absent,Absent,Absent,Present,Absent,Absent,Absent,Absent,Absent,Absent,Absent,Absent,Absent,Absent,Absent,Absent,Absent,Absent,Present
Nitrogen cycling,Nitrite oxidation,nxrAB,Absent,Absent,Absent,Absent,Absent,Absent,Absent,Absent,Present,Absent,Present,Absent,Absent,Absent,Absent,Absent,Absent,Absent,Absent,Absent,Absent,Absent,Absent,Absent,Absent,Present,Absent,Absent,Absent,Absent,Absent,Absent,Absent,Absent,Absent,Absent,Absent,Absent,Absent,Absent,Absent,Absent,Absent,Absent,Absent,Present,Absent,Absent,Absent,Absent,Absent,Absent,Present,Absent,Absent,Absent,Absent,Absent,Absent,Absent,Absent,Absent,Absent,Absent,Absent,Absent,Absent,Absent,Absent,Absent,Absent,Absent,Absent,Absent,Absent,Absent,Absent,Absent,Absent,Absent,Absent,Absent,Absent,Absent,Absent,Absent,Absent,Absent,Absent,Absent,Absent,Absent,Absent,Absent,Absent,Absent,Absent,Absent,Absent,Absent,Absent,Absent,Absent,Absent,Absent,Absent,Absent,Absent,Absent,Absent,Absent,Absent,Absent,Present,Present,Absent,Absent,Absent,Absent,Absent,Absent,Absent,Absent,Absent,Absent,Absent,Absent,Absent,Absent,Absent,Absent,Absent,Absent,Absent,Absent,Absent,Absent,Absent,Absent,Absent,Absent,Absent,Absent,Absent,Absent,Absent,Absent,Absent,Absent,Absent,Absent,Absent,Absent,Absent,Absent,Absent,Absent,Absent,Absent,Absent,Absent,Absent,Absent,Absent,Absent,Absent,Absent,Absent,Absent,Absent,Absent,Absent,Absent,Absent,Absent,Absent,Absent,Absent,Absent,Absent,Absent,Absent,Absent,Absent,Absent,Absent,Absent,Absent,Absent,Absent,Absent,Absent,Absent,Absent,Absent,Absent,Absent,Absent,Absent,Absent,Absent,Absent,Absent,Absent,Absent,Absent,Absent,Absent,Absent,Absent,Absent,Absent,Absent,Absent,Absent,Absent,Absent,Absent,Absent,Absent,Absent,Absent,Absent,Absent,Absent,Absent,Absent,Absent,Absent,Absent,Absent,Absent,Absent,Absent,Absent,Absent,Absent,Absent,Absent,Absent,Absent,Absent,Absent,Absent,Absent,Absent,Absent,Absent,Absent,Absent,Absent,Absent,Absent,Absent,Absent,Absent,Absent,Absent,Absent,Absent,Absent,Absent,Absent,Absent,Absent,Absent,Absent,Absent,Absent,Absent,Absent,Absent,Absent,Absent
Nitrogen cycling,Nitrate reduction,napAB||narGH,Absent,Present,Absent,Absent,Present,Present,Present,Absent,Present,Absent,Absent,Absent,Absent,Present,Absent,Absent,Absent,Present,Absent,Absent,Absent,Absent,Absent,Present,Absent,Absent,Absent,Present,Present,Absent,Present,Present,Absent,Present,Absent,Absent,Absent,Absent,Absent,Absent,Present,Absent,Absent,Absent,Absent,Absent,Absent,Present,Present,Absent,Absent,Absent,Present,Absent,Absent,Absent,Present,Present,Absent,Absent,Absent,Absent,Present,Present,Absent,Absent,Absent,Absent,Absent,Present,Absent,Absent,Absent,Absent,Absent,Absent,Absent,Absent,Absent,Absent,Absent,Absent,Absent,Absent,Absent,Absent,Absent,Present,Absent,Absent,Absent,Absent,Absent,Absent,Absent,Absent,Present,Absent,Absent,Absent,Absent,Absent,Absent,Absent,Absent,Absent,Absent,Absent,Absent,Present,Present,Absent,Absent,Absent,Absent,Absent,Absent,Present,Absent,Absent,Absent,Present,Absent,Absent,Absent,Absent,Absent,Absent,Absent,Absent,Absent,Absent,Present,Absent,Absent,Absent,Absent,Absent,Absent,Absent,Present,Absent,Absent,Absent,Absent,Absent,Absent,Absent,Absent,Absent,Absent,Absent,Absent,Absent,Absent,Present,Absent,Absent,Absent,Absent,Present,Absent,Absent,Absent,Absent,Present,Absent,Absent,Absent,Absent,Absent,Absent,Absent,Absent,Absent,Absent,Absent,Absent,Absent,Absent,Absent,Present,Absent,Absent,Present,Absent,Absent,Absent,Absent,Absent,Absent,Absent,Absent,Absent,Absent,Absent,Absent,Absent,Present,Absent,Absent,Present,Absent,Absent,Absent,Absent,Absent,Absent,Absent,Absent,Absent,Absent,Absent,Absent,Absent,Absent,Absent,Absent,Absent,Absent,Absent,Absent,Absent,Absent,Present,Present,Present,Absent,Absent,Absent,Absent,Absent,Absent,Absent,Absent,Absent,Absent,Absent,Absent,Present,Absent,Present,Absent,Absent,Absent,Absent,Present,Absent,Absent,Absent,Absent,Absent,Absent,Absent,Absent,Absent,Present,Absent,Absent,Absent,Absent,Absent,Absent,Absent,Absent,Absent,Present,Absent,Absent,Absent,Absent,Absent,Absent,Absent
Nitrogen cycling,Nitrite reduction to ammonia,nrfADH||nirBD,Present,Absent,Present,Absent,Absent,Present,Present,Absent,Absent,Present,Absent,Present,Absent,Absent,Absent,Absent,Absent,Absent,Absent,Absent,Absent,Absent,Absent,Absent,Absent,Absent,Absent,Absent,Present,Present,Absent,Absent,Absent,Absent,Present,Absent,Absent,Present,Absent,Absent,Absent,Absent,Absent,Present,Absent,Absent,Absent,Absent,Absent,Absent,Absent,Absent,Absent,Absent,Absent,Present,Present,Present,Absent,Absent,Absent,Present,Present,Absent,Present,Present,Present,Present,Absent,Absent,Absent,Present,Absent,Absent,Absent,Absent,Absent,Absent,Absent,Absent,Absent,Absent,Present,Absent,Absent,Present,Present,Absent,Absent,Absent,Absent,Absent,Absent,Absent,Present,Present,Present,Absent,Absent,Present,Absent,Absent,Absent,Absent,Absent,Present,Absent,Absent,Absent,Absent,Present,Absent,Absent,Absent,Absent,Present,Absent,Absent,Absent,Absent,Absent,Present,Absent,Absent,Present,Absent,Absent,Absent,Absent,Absent,Absent,Absent,Absent,Present,Absent,Absent,Absent,Absent,Absent,Absent,Absent,Absent,Absent,Present,Absent,Absent,Absent,Absent,Absent,Absent,Absent,Absent,Absent,Absent,Absent,Present,Absent,Absent,Absent,Absent,Absent,Absent,Absent,Present,Absent,Absent,Absent,Absent,Absent,Absent,Absent,Absent,Absent,Present,Present,Absent,Absent,Present,Absent,Absent,Absent,Present,Absent,Absent,Absent,Absent,Absent,Absent,Absent,Absent,Absent,Present,Absent,Absent,Absent,Absent,Absent,Absent,Absent,Absent,Present,Absent,Absent,Absent,Absent,Absent,Absent,Absent,Absent,Absent,Present,Absent,Absent,Absent,Absent,Absent,Absent,Absent,Absent,Absent,Absent,Absent,Absent,Absent,Absent,Absent,Absent,Present,Absent,Absent,Absent,Absent,Absent,Absent,Absent,Present,Present,Present,Absent,Absent,Present,Absent,Absent,Absent,Absent,Present,Present,Absent,Absent,Absent,Present,Absent,Present,Present,Absent,Absent,Absent,Absent,Present,Absent,Absent,Absent,Present,Absent,Present,Absent,Present,Present,Absent,Absent,Absent,Absent,Absent,Present
Nitrogen cycling,Nitrite reduction,nirKS||octR,Absent,Absent,Absent,Absent,Absent,Absent,Absent,Absent,Absent,Absent,Absent,Absent,Present,Absent,Present,Absent,Absent,Absent,Present,Present,Absent,Absent,Absent,Absent,Absent,Absent,Present,Present,Absent,Present,Absent,Absent,Absent,Absent,Absent,Absent,Absent,Present,Absent,Absent,Absent,Absent,Absent,Present,Absent,Absent,Absent,Absent,Absent,Absent,Absent,Absent,Absent,Absent,Present,Present,Present,Present,Absent,Absent,Absent,Absent,Present,Absent,Absent,Absent,Absent,Absent,Absent,Absent,Present,Absent,Present,Absent,Absent,Absent,Absent,Present,Present,Absent,Absent,Absent,Absent,Absent,Absent,Absent,Present,Absent,Absent,Absent,Present,Absent,Present,Absent,Present,Absent,Absent,Absent,Absent,Absent,Absent,Absent,Absent,Absent,Absent,Absent,Absent,Absent,Absent,Absent,Present,Absent,Absent,Present,Absent,Present,Absent,Present,Absent,Present,Absent,Absent,Absent,Absent,Absent,Absent,Absent,Present,Absent,Absent,Absent,Absent,Absent,Absent,Absent,Absent,Absent,Absent,Absent,Absent,Absent,Absent,Absent,Present,Absent,Absent,Absent,Absent,Present,Absent,Absent,Absent,Absent,Absent,Present,Absent,Absent,Present,Present,Absent,Absent,Present,Absent,Present,Absent,Present,Absent,Present,Absent,Absent,Absent,Present,Absent,Absent,Absent,Absent,Absent,Absent,Absent,Absent,Absent,Absent,Absent,Absent,Present,Present,Absent,Absent,Present,Absent,Present,Absent,Absent,Present,Absent,Absent,Absent,Present,Absent,Present,Present,Absent,Absent,Absent,Absent,Absent,Absent,Present,Present,Present,Absent,Absent,Absent,Absent,Absent,Absent,Absent,Present,Absent,Present,Absent,Absent,Absent,Present,Absent,Absent,Absent,Present,Present,Absent,Absent,Absent,Present,Absent,Absent,Absent,Present,Absent,Present,Absent,Present,Absent,Absent,Absent,Absent,Absent,Absent,Absent,Absent,Absent,Present,Absent,Absent,Absent,Absent,Present,Absent,Absent,Absent,Absent,Absent,Absent,Absent,Absent,Present,Absent,Absent,Absent,Absent,Absent,Absent,Absent,Absent,Absent
Nitrogen cycling,Nitric oxide reduction,norBC,Absent,Absent,Absent,Absent,Absent,Absent,Absent,Present,Absent,Absent,Absent,Present,Absent,Absent,Absent,Present,Absent,Present,Present,Absent,Absent,Absent,Absent,Absent,Absent,Absent,Absent,Absent,Absent,Absent,Absent,Absent,Absent,Present,Absent,Present,Absent,Present,Absent,Absent,Absent,Absent,Absent,Absent,Absent,Absent,Absent,Absent,Present,Present,Absent,Absent,Absent,Absent,Absent,Absent,Present,Present,Absent,Absent,Absent,Absent,Present,Absent,Absent,Absent,Present,Absent,Absent,Absent,Absent,Absent,Present,Absent,Absent,Absent,Present,Present,Present,Absent,Absent,Present,Absent,Absent,Absent,Absent,Present,Absent,Absent,Absent,Absent,Absent,Absent,Absent,Absent,Present,Present,Present,Present,Absent,Present,Absent,Present,Absent,Absent,Absent,Present,Present,Absent,Absent,Present,Absent,Absent,Absent,Absent,Present,Absent,Present,Absent,Absent,Absent,Present,Absent,Absent,Absent,Absent,Absent,Present,Absent,Absent,Absent,Absent,Present,Absent,Absent,Absent,Absent,Absent,Absent,Absent,Absent,Absent,Absent,Absent,Absent,Absent,Absent,Absent,Absent,Absent,Present,Present,Absent,Absent,Absent,Absent,Absent,Present,Absent,Absent,Present,Absent,Absent,Absent,Absent,Absent,Absent,Present,Absent,Absent,Absent,Absent,Absent,Absent,Absent,Absent,Absent,Absent,Absent,Absent,Absent,Present,Absent,Absent,Absent,Absent,Absent,Absent,Absent,Absent,Absent,Absent,Absent,Absent,Present,Absent,Absent,Absent,Absent,Absent,Absent,Present,Absent,Absent,Absent,Absent,Absent,Present,Absent,Present,Absent,Absent,Absent,Present,Absent,Absent,Absent,Absent,Absent,Absent,Absent,Absent,Absent,Present,Absent,Absent,Present,Present,Absent,Absent,Present,Present,Absent,Absent,Absent,Absent,Absent,Present,Absent,Absent,Present,Absent,Absent,Absent,Absent,Present,Absent,Absent,Absent,Absent,Absent,Absent,Absent,Absent,Absent,Present,Absent,Absent,Absent,Absent,Present,Absent,Present,Absent,Present,Absent,Absent,Absent,Absent,Present,Absent,Absent,Present,Present
Nitrogen cycling,Nitrous oxide reduction,nosDZ,Absent,Absent,Absent,Absent,Absent,Present,Absent,Absent,Absent,Absent,Absent,Absent,Absent,Absent,Absent,Absent,Present,Absent,Absent,Present,Absent,Absent,Absent,Absent,Absent,Absent,Absent,Absent,Absent,Absent,Absent,Absent,Absent,Absent,Absent,Absent,Absent,Absent,Absent,Absent,Absent,Absent,Absent,Absent,Absent,Absent,Present,Present,Absent,Absent,Absent,Absent,Absent,Absent,Absent,Absent,Absent,Absent,Absent,Absent,Absent,Absent,Absent,Absent,Absent,Absent,Absent,Absent,Absent,Absent,Absent,Absent,Present,Absent,Absent,Absent,Present,Absent,Absent,Absent,Absent,Absent,Absent,Absent,Absent,Absent,Absent,Absent,Absent,Absent,Absent,Absent,Absent,Absent,Absent,Absent,Absent,Absent,Absent,Present,Absent,Absent,Absent,Absent,Absent,Absent,Present,Present,Absent,Absent,Absent,Absent,Absent,Absent,Absent,Absent,Absent,Absent,Absent,Absent,Absent,Present,Absent,Absent,Absent,Absent,Absent,Absent,Absent,Absent,Absent,Absent,Absent,Absent,Absent,Absent,Absent,Absent,Absent,Absent,Absent,Absent,Absent,Absent,Absent,Absent,Absent,Absent,Absent,Absent,Absent,Absent,Absent,Present,Absent,Absent,Absent,Present,Absent,Absent,Absent,Absent,Absent,Absent,Present,Absent,Absent,Absent,Present,Absent,Absent,Present,Absent,Absent,Absent,Absent,Absent,Absent,Absent,Absent,Absent,Absent,Absent,Absent,Absent,Absent,Absent,Absent,Absent,Absent,Absent,Absent,Absent,Absent,Absent,Absent,Absent,Absent,Absent,Absent,Absent,Absent,Absent,Absent,Absent,Present,Absent,Absent,Absent,Absent,Absent,Absent,Absent,Absent,Absent,Absent,Absent,Absent,Absent,Absent,Absent,Absent,Absent,Absent,Absent,Absent,Absent,Absent,Absent,Absent,Absent,Absent,Absent,Absent,Absent,Absent,Absent,Present,Absent,Absent,Absent,Absent,Absent,Absent,Absent,Absent,Absent,Absent,Absent,Absent,Absent,Absent,Absent,Absent,Absent,Absent,Absent,Absent,Absent,Absent,Absent,Absent,Absent,Absent,Absent,Absent,Absent,Absent,Absent,Absent,Absent,Absent,Absent,Absent
Nitrogen cycling,Anammox,hzoA||hzsA,Absent,Absent,Absent,Absent,Absent,Absent,Absent,Absent,Absent,Absent,Absent,Absent,Absent,Absent,Absent,Absent,Absent,Absent,Absent,Absent,Absent,Absent,Absent,Absent,Absent,Absent,Absent,Absent,Absent,Absent,Absent,Absent,Absent,Absent,Absent,Absent,Absent,Absent,Absent,Absent,Absent,Absent,Absent,Absent,Absent,Absent,Absent,Absent,Absent,Absent,Absent,Absent,Absent,Absent,Absent,Absent,Absent,Absent,Absent,Absent,Absent,Absent,Absent,Absent,Absent,Absent,Absent,Absent,Absent,Absent,Absent,Absent,Absent,Absent,Absent,Absent,Absent,Absent,Absent,Absent,Absent,Absent,Absent,Absent,Absent,Absent,Absent,Absent,Absent,Absent,Absent,Absent,Absent,Absent,Absent,Absent,Absent,Absent,Absent,Absent,Absent,Absent,Absent,Absent,Absent,Absent,Absent,Absent,Absent,Absent,Absent,Absent,Absent,Absent,Absent,Absent,Absent,Absent,Absent,Absent,Absent,Absent,Absent,Absent,Absent,Absent,Absent,Absent,Absent,Absent,Absent,Absent,Absent,Absent,Absent,Absent,Absent,Absent,Absent,Absent,Absent,Absent,Absent,Absent,Absent,Absent,Absent,Absent,Absent,Absent,Absent,Absent,Absent,Absent,Absent,Absent,Absent,Absent,Absent,Absent,Absent,Absent,Absent,Absent,Absent,Absent,Absent,Absent,Absent,Absent,Absent,Absent,Absent,Absent,Absent,Absent,Absent,Absent,Absent,Absent,Absent,Absent,Absent,Absent,Absent,Absent,Absent,Absent,Absent,Absent,Absent,Absent,Absent,Absent,Absent,Absent,Absent,Absent,Absent,Absent,Absent,Absent,Absent,Absent,Absent,Absent,Absent,Absent,Absent,Absent,Absent,Absent,Absent,Absent,Absent,Absent,Absent,Absent,Absent,Absent,Absent,Absent,Absent,Absent,Absent,Absent,Absent,Absent,Absent,Absent,Absent,Absent,Absent,Absent,Absent,Absent,Absent,Absent,Absent,Absent,Absent,Absent,Absent,Absent,Absent,Absent,Absent,Absent,Absent,Absent,Absent,Absent,Absent,Absent,Absent,Absent,Absent,Absent,Absent,Absent,Absent,Absent,Absent,Absent,Absent,Absent,Absent,Absent,Absent,Absent,Absent,Absent,Absent,Absent
Sulfur cycling,Sulfide oxidation,fccB||sqr,Absent,Absent,Absent,Absent,Absent,Absent,Absent,Absent,Absent,Absent,Absent,Absent,Absent,Absent,Absent,Absent,Absent,Absent,Absent,Absent,Absent,Absent,Absent,Absent,Absent,Absent,Absent,Absent,Absent,Absent,Present,Present,Absent,Present,Absent,Absent,Absent,Absent,Absent,Absent,Absent,Absent,Absent,Absent,Absent,Absent,Absent,Absent,Absent,Absent,Absent,Absent,Absent,Absent,Absent,Absent,Present,Present,Absent,Absent,Absent,Present,Present,Present,Absent,Absent,Absent,Absent,Absent,Absent,Absent,Absent,Absent,Absent,Absent,Absent,Absent,Absent,Absent,Absent,Absent,Absent,Absent,Absent,Absent,Absent,Absent,Absent,Absent,Absent,Absent,Absent,Absent,Absent,Absent,Absent,Absent,Absent,Absent,Absent,Absent,Absent,Absent,Absent,Absent,Absent,Absent,Absent,Absent,Absent,Present,Absent,Absent,Absent,Absent,Absent,Absent,Absent,Absent,Absent,Absent,Absent,Absent,Absent,Absent,Absent,Absent,Absent,Absent,Absent,Absent,Absent,Absent,Absent,Absent,Absent,Absent,Absent,Absent,Absent,Absent,Absent,Absent,Absent,Absent,Absent,Absent,Absent,Absent,Absent,Absent,Absent,Absent,Absent,Absent,Absent,Absent,Absent,Absent,Absent,Absent,Absent,Absent,Absent,Absent,Absent,Absent,Absent,Absent,Absent,Absent,Absent,Absent,Absent,Absent,Absent,Absent,Absent,Absent,Absent,Absent,Present,Absent,Absent,Absent,Absent,Absent,Absent,Absent,Absent,Absent,Present,Present,Absent,Absent,Absent,Absent,Absent,Absent,Absent,Absent,Absent,Absent,Absent,Absent,Absent,Present,Absent,Absent,Absent,Absent,Absent,Absent,Absent,Absent,Absent,Absent,Absent,Absent,Absent,Absent,Absent,Absent,Absent,Absent,Present,Absent,Absent,Absent,Absent,Absent,Absent,Absent,Absent,Present,Absent,Absent,Absent,Present,Absent,Absent,Absent,Absent,Absent,Absent,Absent,Absent,Absent,Absent,Present,Absent,Absent,Absent,Absent,Absent,Absent,Absent,Absent,Absent,Absent,Absent,Absent,Absent,Absent,Absent,Absent,Absent,Absent,Absent,Absent,Absent,Absent,Absent,Absent
Sulfur cycling,Sulfite reduction,dsrABD||asrABC,Absent,Absent,Present,Absent,Absent,Absent,Absent,Absent,Absent,Absent,Absent,Absent,Absent,Absent,Absent,Absent,Absent,Absent,Absent,Absent,Absent,Absent,Absent,Absent,Absent,Absent,Absent,Absent,Absent,Absent,Absent,Present,Absent,Absent,Present,Absent,Absent,Absent,Absent,Absent,Absent,Absent,Absent,Absent,Absent,Absent,Absent,Absent,Absent,Absent,Absent,Absent,Absent,Absent,Absent,Absent,Absent,Present,Absent,Absent,Absent,Absent,Absent,Absent,Absent,Absent,Absent,Absent,Absent,Absent,Absent,Absent,Absent,Absent,Absent,Absent,Present,Absent,Absent,Present,Absent,Absent,Absent,Absent,Absent,Absent,Absent,Absent,Absent,Absent,Absent,Absent,Absent,Absent,Absent,Absent,Absent,Absent,Present,Absent,Absent,Absent,Absent,Absent,Absent,Absent,Absent,Absent,Present,Absent,Absent,Absent,Absent,Absent,Absent,Absent,Absent,Absent,Absent,Absent,Absent,Absent,Absent,Absent,Absent,Absent,Absent,Absent,Absent,Absent,Absent,Absent,Absent,Absent,Absent,Absent,Absent,Absent,Absent,Absent,Absent,Absent,Absent,Absent,Absent,Absent,Absent,Absent,Absent,Absent,Absent,Absent,Absent,Absent,Absent,Absent,Absent,Absent,Absent,Absent,Absent,Absent,Absent,Absent,Absent,Absent,Absent,Absent,Absent,Absent,Absent,Absent,Absent,Absent,Absent,Absent,Absent,Absent,Absent,Absent,Present,Absent,Absent,Absent,Absent,Absent,Absent,Absent,Absent,Absent,Absent,Absent,Present,Absent,Absent,Absent,Absent,Absent,Absent,Absent,Absent,Absent,Present,Absent,Absent,Absent,Absent,Absent,Absent,Absent,Absent,Absent,Absent,Absent,Absent,Absent,Absent,Absent,Absent,Absent,Absent,Absent,Absent,Absent,Absent,Absent,Absent,Absent,Absent,Absent,Absent,Absent,Absent,Absent,Absent,Absent,Absent,Absent,Present,Absent,Absent,Absent,Absent,Absent,Absent,Absent,Absent,Absent,Absent,Absent,Absent,Absent,Absent,Absent,Absent,Absent,Absent,Absent,Absent,Absent,Absent,Absent,Absent,Absent,Absent,Absent,Absent,Absent,Absent,Absent,Absent,Absent,Absent,Absent
Sulfur cycling,Sulfur oxidation,sdo||sor,Absent,Absent,Present,Absent,Present,Absent,Absent,Present,Absent,Present,Absent,Present,Present,Absent,Absent,Present,Present,Present,Absent,Absent,Present,Absent,Absent,Present,Absent,Present,Absent,Present,Present,Absent,Present,Present,Present,Present,Present,Present,Absent,Present,Absent,Absent,Absent,Present,Present,Absent,Absent,Absent,Absent,Absent,Present,Present,Present,Present,Absent,Present,Absent,Absent,Present,Present,Present,Present,Absent,Absent,Absent,Present,Present,Present,Present,Present,Absent,Absent,Absent,Present,Absent,Present,Absent,Present,Absent,Absent,Present,Present,Absent,Absent,Absent,Absent,Absent,Present,Absent,Absent,Absent,Present,Absent,Absent,Absent,Absent,Present,Present,Absent,Absent,Absent,Absent,Absent,Absent,Absent,Absent,Absent,Absent,Present,Absent,Absent,Present,Present,Present,Present,Present,Present,Absent,Present,Absent,Absent,Absent,Present,Absent,Present,Absent,Absent,Absent,Present,Present,Present,Present,Absent,Absent,Absent,Present,Absent,Absent,Present,Present,Absent,Present,Present,Present,Absent,Absent,Absent,Present,Absent,Present,Absent,Present,Absent,Absent,Absent,Absent,Present,Absent,Present,Absent,Absent,Absent,Absent,Absent,Present,Present,Present,Absent,Present,Absent,Present,Present,Absent,Absent,Present,Present,Absent,Present,Absent,Absent,Present,Present,Absent,Present,Present,Absent,Absent,Present,Absent,Present,Absent,Present,Present,Present,Present,Present,Present,Present,Absent,Absent,Present,Present,Absent,Absent,Present,Absent,Present,Absent,Absent,Present,Absent,Present,Present,Absent,Present,Absent,Present,Absent,Absent,Absent,Absent,Absent,Present,Absent,Present,Present,Present,Present,Absent,Absent,Present,Present,Absent,Present,Absent,Present,Present,Absent,Absent,Absent,Absent,Absent,Present,Present,Absent,Present,Present,Absent,Absent,Absent,Absent,Present,Absent,Present,Absent,Absent,Present,Present,Absent,Present,Absent,Absent,Absent,Absent,Present,Present,Absent,Present,Absent,Absent,Present,Present,Absent,Absent,Present,Absent
Sulfur cycling,Sulfur reduction,sreABC||sor,Absent,Absent,Absent,Absent,Absent,Absent,Absent,Absent,Absent,Absent,Absent,Absent,Absent,Absent,Absent,Absent,Absent,Absent,Absent,Absent,Absent,Absent,Absent,Absent,Absent,Absent,Absent,Absent,Absent,Absent,Absent,Absent,Absent,Absent,Absent,Absent,Absent,Absent,Absent,Absent,Absent,Absent,Absent,Absent,Absent,Absent,Absent,Absent,Absent,Absent,Absent,Absent,Absent,Absent,Absent,Absent,Absent,Absent,Absent,Absent,Absent,Absent,Absent,Absent,Absent,Absent,Absent,Absent,Absent,Absent,Absent,Absent,Absent,Absent,Absent,Absent,Absent,Absent,Absent,Absent,Absent,Absent,Absent,Absent,Absent,Absent,Absent,Absent,Absent,Absent,Absent,Absent,Absent,Absent,Absent,Absent,Absent,Absent,Absent,Absent,Absent,Absent,Absent,Absent,Absent,Absent,Absent,Absent,Absent,Absent,Absent,Absent,Absent,Absent,Absent,Absent,Absent,Absent,Absent,Absent,Absent,Absent,Absent,Absent,Absent,Absent,Absent,Absent,Absent,Absent,Absent,Absent,Absent,Absent,Absent,Absent,Absent,Absent,Absent,Absent,Absent,Absent,Absent,Absent,Absent,Absent,Absent,Absent,Absent,Absent,Absent,Absent,Absent,Absent,Absent,Absent,Absent,Absent,Absent,Absent,Absent,Absent,Absent,Absent,Absent,Absent,Absent,Absent,Absent,Absent,Absent,Absent,Absent,Absent,Absent,Absent,Absent,Absent,Absent,Absent,Absent,Absent,Absent,Absent,Absent,Absent,Absent,Absent,Absent,Absent,Absent,Absent,Absent,Absent,Absent,Absent,Absent,Absent,Absent,Absent,Absent,Absent,Absent,Absent,Absent,Absent,Absent,Absent,Absent,Absent,Absent,Absent,Absent,Absent,Absent,Absent,Absent,Absent,Absent,Absent,Absent,Absent,Absent,Absent,Absent,Absent,Absent,Absent,Absent,Absent,Absent,Absent,Absent,Absent,Absent,Absent,Absent,Absent,Absent,Absent,Absent,Absent,Absent,Absent,Absent,Absent,Absent,Absent,Absent,Absent,Absent,Absent,Absent,Absent,Absent,Absent,Absent,Absent,Absent,Absent,Absent,Absent,Absent,Absent,Absent,Absent,Absent,Absent,Absent,Absent,Absent,Absent,Absent,Absent
Sulfur cycling,Thiosulfate oxidation,soxBCY,Absent,Absent,Absent,Absent,Absent,Absent,Absent,Absent,Absent,Absent,Absent,Absent,Absent,Absent,Absent,Absent,Absent,Absent,Absent,Absent,Absent,Absent,Absent,Absent,Absent,Absent,Absent,Absent,Absent,Absent,Present,Present,Absent,Present,Absent,Absent,Absent,Absent,Absent,Absent,Absent,Absent,Absent,Absent,Absent,Absent,Absent,Absent,Absent,Absent,Absent,Absent,Absent,Absent,Absent,Absent,Present,Present,Absent,Absent,Absent,Absent,Present,Absent,Absent,Absent,Absent,Absent,Absent,Absent,Absent,Absent,Absent,Absent,Absent,Absent,Absent,Absent,Absent,Absent,Absent,Absent,Absent,Absent,Absent,Absent,Absent,Absent,Absent,Absent,Absent,Absent,Absent,Absent,Absent,Absent,Absent,Absent,Absent,Absent,Absent,Absent,Absent,Absent,Absent,Absent,Absent,Absent,Absent,Absent,Absent,Absent,Absent,Absent,Absent,Absent,Absent,Absent,Absent,Absent,Absent,Absent,Absent,Absent,Absent,Absent,Absent,Absent,Absent,Absent,Absent,Absent,Absent,Absent,Absent,Absent,Absent,Absent,Absent,Absent,Absent,Absent,Absent,Absent,Absent,Absent,Absent,Absent,Absent,Absent,Absent,Absent,Absent,Absent,Absent,Present,Absent,Absent,Absent,Absent,Absent,Absent,Absent,Absent,Absent,Present,Absent,Absent,Absent,Absent,Absent,Absent,Absent,Absent,Absent,Absent,Absent,Absent,Absent,Absent,Present,Absent,Absent,Absent,Absent,Absent,Absent,Absent,Absent,Absent,Absent,Absent,Absent,Absent,Absent,Absent,Absent,Absent,Absent,Absent,Absent,Absent,Absent,Absent,Absent,Absent,Absent,Absent,Absent,Absent,Absent,Absent,Absent,Absent,Absent,Absent,Absent,Absent,Absent,Absent,Absent,Absent,Absent,Absent,Present,Absent,Absent,Absent,Absent,Absent,Absent,Absent,Absent,Absent,Absent,Absent,Absent,Absent,Absent,Absent,Absent,Absent,Absent,Absent,Absent,Absent,Present,Absent,Absent,Absent,Absent,Absent,Absent,Absent,Absent,Absent,Absent,Absent,Absent,Absent,Absent,Absent,Absent,Absent,Absent,Absent,Present,Absent,Absent,Absent,Absent,Absent,Absent,Absent
Sulfur cycling,Sulfate reduction,aprA||sat,Present,Absent,Present,Absent,Absent,Absent,Absent,Absent,Present,Absent,Absent,Absent,Absent,Present,Absent,Absent,Present,Absent,Absent,Absent,Absent,Absent,Present,Absent,Present,Present,Absent,Absent,Present,Absent,Absent,Absent,Absent,Absent,Absent,Absent,Absent,Absent,Absent,Absent,Absent,Absent,Absent,Absent,Absent,Absent,Absent,Absent,Present,Absent,Present,Absent,Absent,Absent,Absent,Absent,Absent,Present,Absent,Present,Absent,Absent,Absent,Absent,Present,Absent,Present,Absent,Present,Absent,Absent,Absent,Absent,Absent,Absent,Absent,Present,Present,Absent,Absent,Absent,Absent,Present,Absent,Absent,Absent,Absent,Present,Absent,Present,Absent,Absent,Absent,Absent,Present,Absent,Absent,Absent,Present,Absent,Absent,Absent,Absent,Absent,Absent,Present,Present,Absent,Absent,Absent,Absent,Absent,Present,Absent,Present,Absent,Present,Absent,Absent,Absent,Absent,Absent,Absent,Absent,Absent,Absent,Absent,Absent,Absent,Absent,Absent,Absent,Absent,Present,Absent,Absent,Absent,Absent,Absent,Absent,Present,Present,Absent,Absent,Absent,Absent,Absent,Present,Present,Absent,Absent,Absent,Absent,Absent,Present,Absent,Absent,Absent,Absent,Present,Present,Present,Absent,Present,Present,Present,Present,Present,Absent,Present,Present,Absent,Present,Absent,Absent,Absent,Absent,Absent,Present,Present,Present,Absent,Present,Absent,Absent,Absent,Absent,Present,Absent,Absent,Absent,Absent,Present,Absent,Absent,Present,Absent,Absent,Absent,Absent,Absent,Absent,Absent,Absent,Absent,Absent,Absent,Present,Absent,Absent,Absent,Present,Absent,Absent,Present,Absent,Present,Absent,Absent,Absent,Absent,Present,Absent,Absent,Absent,Absent,Absent,Absent,Absent,Present,Absent,Present,Absent,Absent,Absent,Present,Absent,Absent,Absent,Absent,Absent,Absent,Absent,Absent,Present,Absent,Absent,Present,Absent,Absent,Absent,Present,Absent,Present,Absent,Absent,Absent,Present,Present,Absent,Absent,Present,Present,Present,Absent,Absent,Absent,Absent,Present,Present,Absent,Absent,Absent,Absent
Sulfur cycling,Thiosulfate disproportionation,phsA,Absent,Absent,Present,Absent,Absent,Absent,Absent,Absent,Absent,Absent,Absent,Absent,Absent,Absent,Absent,Absent,Absent,Absent,Absent,Absent,Absent,Absent,Absent,Absent,Absent,Absent,Absent,Absent,Absent,Absent,Absent,Absent,Absent,Absent,Present,Absent,Absent,Absent,Absent,Absent,Present,Absent,Absent,Absent,Absent,Absent,Absent,Absent,Absent,Absent,Absent,Absent,Absent,Absent,Absent,Absent,Absent,Absent,Absent,Absent,Absent,Absent,Absent,Absent,Absent,Absent,Absent,Absent,Absent,Absent,Absent,Absent,Absent,Absent,Absent,Absent,Present,Absent,Absent,Absent,Absent,Absent,Absent,Absent,Absent,Absent,Absent,Absent,Absent,Absent,Absent,Absent,Absent,Absent,Absent,Absent,Absent,Absent,Absent,Absent,Absent,Absent,Absent,Absent,Absent,Absent,Absent,Absent,Absent,Absent,Absent,Absent,Absent,Absent,Absent,Absent,Absent,Absent,Absent,Absent,Absent,Absent,Absent,Absent,Present,Absent,Absent,Absent,Absent,Absent,Absent,Absent,Absent,Absent,Absent,Absent,Absent,Absent,Absent,Absent,Absent,Absent,Absent,Absent,Absent,Absent,Absent,Absent,Absent,Absent,Absent,Absent,Absent,Absent,Absent,Present,Absent,Absent,Absent,Absent,Absent,Absent,Absent,Absent,Absent,Absent,Absent,Absent,Absent,Absent,Absent,Absent,Absent,Absent,Absent,Absent,Absent,Absent,Absent,Absent,Absent,Present,Absent,Absent,Absent,Absent,Absent,Absent,Absent,Absent,Absent,Absent,Absent,Absent,Absent,Absent,Absent,Absent,Absent,Absent,Absent,Absent,Present,Absent,Absent,Absent,Absent,Absent,Absent,Absent,Absent,Absent,Absent,Absent,Absent,Absent,Absent,Absent,Absent,Absent,Absent,Absent,Absent,Absent,Absent,Absent,Absent,Absent,Absent,Absent,Absent,Absent,Absent,Present,Absent,Present,Absent,Absent,Absent,Absent,Absent,Absent,Absent,Absent,Absent,Absent,Absent,Absent,Absent,Absent,Absent,Absent,Absent,Absent,Absent,Absent,Absent,Present,Present,Absent,Absent,Absent,Absent,Absent,Absent,Absent,Absent,Absent,Absent,Absent,Absent,Absent,Absent,Absent
Hydrogenases,FeFe hydrogenase,fefe-group-a13,Absent,Absent,Absent,Absent,Absent,Absent,Absent,Absent,Absent,Absent,Absent,Absent,Absent,Absent,Absent,Absent,Absent,Absent,Absent,Absent,Absent,Absent,Absent,Absent,Absent,Absent,Absent,Absent,Absent,Absent,Absent,Absent,Present,Absent,Absent,Absent,Absent,Absent,Absent,Present,Absent,Absent,Absent,Present,Absent,Absent,Absent,Absent,Absent,Absent,Absent,Absent,Absent,Absent,Absent,Absent,Absent,Absent,Absent,Absent,Absent,Absent,Absent,Absent,Present,Absent,Absent,Absent,Absent,Absent,Absent,Absent,Absent,Absent,Absent,Absent,Absent,Present,Absent,Absent,Absent,Absent,Absent,Absent,Absent,Absent,Absent,Present,Absent,Absent,Absent,Absent,Absent,Absent,Absent,Absent,Present,Absent,Absent,Absent,Absent,Absent,Absent,Absent,Absent,Absent,Absent,Absent,Absent,Absent,Absent,Absent,Absent,Absent,Absent,Absent,Absent,Absent,Absent,Absent,Absent,Absent,Absent,Absent,Present,Absent,Absent,Present,Present,Absent,Present,Absent,Absent,Absent,Absent,Present,Present,Absent,Absent,Absent,Absent,Absent,Absent,Absent,Absent,Absent,Absent,Absent,Absent,Absent,Absent,Absent,Absent,Absent,Absent,Absent,Absent,Absent,Absent,Absent,Absent,Absent,Absent,Absent,Absent,Absent,Absent,Absent,Absent,Absent,Absent,Absent,Absent,Absent,Absent,Absent,Absent,Absent,Absent,Absent,Absent,Absent,Absent,Absent,Absent,Absent,Absent,Absent,Absent,Absent,Absent,Absent,Absent,Absent,Absent,Absent,Absent,Absent,Absent,Absent,Absent,Absent,Absent,Absent,Absent,Absent,Absent,Absent,Absent,Absent,Absent,Absent,Absent,Absent,Absent,Present,Absent,Absent,Absent,Absent,Absent,Absent,Absent,Absent,Absent,Absent,Absent,Absent,Absent,Absent,Absent,Absent,Absent,Absent,Absent,Absent,Absent,Absent,Absent,Absent,Absent,Absent,Absent,Absent,Absent,Absent,Absent,Absent,Present,Absent,Absent,Absent,Absent,Absent,Absent,Absent,Absent,Absent,Absent,Absent,Absent,Absent,Absent,Absent,Absent,Absent,Absent,Absent,Absent,Absent,Absent,Absent,Absent,Absent
Hydrogenases,FeFe hydrogenase,fefe-group-a2,Absent,Absent,Absent,Absent,Absent,Absent,Absent,Absent,Absent,Absent,Absent,Absent,Absent,Absent,Absent,Absent,Absent,Absent,Absent,Absent,Absent,Absent,Absent,Absent,Absent,Absent,Absent,Absent,Absent,Absent,Absent,Absent,Absent,Absent,Absent,Absent,Absent,Absent,Absent,Absent,Absent,Absent,Absent,Absent,Absent,Absent,Absent,Absent,Absent,Absent,Absent,Absent,Absent,Absent,Absent,Absent,Absent,Absent,Absent,Absent,Absent,Absent,Absent,Absent,Absent,Absent,Absent,Absent,Absent,Absent,Absent,Absent,Absent,Absent,Absent,Absent,Absent,Absent,Absent,Absent,Absent,Absent,Absent,Absent,Absent,Absent,Absent,Absent,Absent,Absent,Absent,Absent,Absent,Absent,Absent,Absent,Absent,Absent,Absent,Absent,Absent,Absent,Absent,Absent,Absent,Absent,Absent,Absent,Absent,Absent,Absent,Absent,Absent,Absent,Absent,Absent,Absent,Absent,Absent,Absent,Absent,Absent,Absent,Absent,Absent,Absent,Absent,Absent,Absent,Absent,Absent,Absent,Absent,Absent,Absent,Absent,Absent,Absent,Absent,Absent,Absent,Absent,Absent,Absent,Absent,Absent,Absent,Absent,Absent,Absent,Absent,Absent,Absent,Absent,Absent,Absent,Absent,Absent,Absent,Absent,Absent,Absent,Absent,Absent,Absent,Absent,Absent,Absent,Absent,Absent,Absent,Absent,Absent,Absent,Absent,Absent,Absent,Absent,Absent,Absent,Absent,Absent,Absent,Absent,Absent,Absent,Absent,Absent,Absent,Absent,Absent,Absent,Absent,Absent,Absent,Absent,Absent,Absent,Absent,Absent,Absent,Absent,Absent,Absent,Absent,Absent,Absent,Absent,Absent,Absent,Absent,Absent,Absent,Absent,Absent,Absent,Absent,Absent,Absent,Absent,Absent,Absent,Absent,Absent,Absent,Absent,Absent,Absent,Absent,Absent,Absent,Absent,Absent,Absent,Absent,Absent,Absent,Absent,Absent,Absent,Absent,Absent,Absent,Absent,Absent,Absent,Absent,Absent,Absent,Absent,Absent,Absent,Absent,Absent,Absent,Absent,Absent,Absent,Absent,Absent,Absent,Absent,Absent,Absent,Absent,Absent,Absent,Absent,Absent,Absent,Absent,Absent,Absent,Absent
Hydrogenases,FeFe hydrogenase,fefe-group-a4,Absent,Absent,Absent,Absent,Absent,Absent,Absent,Absent,Absent,Absent,Absent,Absent,Absent,Absent,Absent,Absent,Absent,Absent,Absent,Absent,Absent,Absent,Absent,Absent,Absent,Absent,Absent,Absent,Absent,Absent,Absent,Absent,Absent,Absent,Absent,Absent,Absent,Absent,Absent,Absent,Absent,Absent,Absent,Absent,Absent,Absent,Absent,Absent,Absent,Absent,Absent,Absent,Absent,Absent,Absent,Absent,Absent,Absent,Absent,Absent,Absent,Absent,Absent,Absent,Absent,Absent,Absent,Absent,Absent,Absent,Absent,Absent,Absent,Absent,Absent,Absent,Absent,Absent,Absent,Absent,Absent,Absent,Absent,Absent,Absent,Absent,Absent,Absent,Absent,Absent,Absent,Absent,Absent,Absent,Absent,Absent,Absent,Absent,Absent,Absent,Absent,Absent,Absent,Absent,Absent,Absent,Absent,Absent,Absent,Absent,Absent,Absent,Absent,Absent,Absent,Absent,Absent,Absent,Absent,Absent,Absent,Absent,Absent,Absent,Absent,Absent,Absent,Absent,Absent,Absent,Absent,Absent,Absent,Absent,Absent,Absent,Present,Absent,Absent,Absent,Absent,Absent,Absent,Absent,Absent,Absent,Absent,Absent,Absent,Absent,Absent,Absent,Absent,Absent,Absent,Absent,Absent,Absent,Absent,Absent,Absent,Absent,Absent,Absent,Absent,Absent,Absent,Absent,Absent,Absent,Absent,Absent,Absent,Absent,Absent,Absent,Absent,Absent,Absent,Absent,Absent,Absent,Absent,Absent,Absent,Absent,Absent,Absent,Absent,Absent,Absent,Absent,Absent,Absent,Absent,Absent,Absent,Absent,Absent,Absent,Absent,Absent,Absent,Absent,Absent,Absent,Absent,Absent,Absent,Absent,Absent,Absent,Absent,Absent,Absent,Absent,Absent,Absent,Absent,Absent,Absent,Absent,Absent,Absent,Absent,Absent,Absent,Absent,Absent,Absent,Absent,Absent,Absent,Absent,Absent,Absent,Absent,Absent,Absent,Absent,Absent,Absent,Absent,Absent,Absent,Absent,Absent,Absent,Absent,Absent,Absent,Absent,Absent,Absent,Absent,Absent,Absent,Absent,Absent,Absent,Absent,Absent,Absent,Absent,Absent,Absent,Absent,Absent,Absent,Absent,Absent,Absent,Absent,Absent
Hydrogenases,FeFe hydrogenase,fefe-group-b,Absent,Absent,Absent,Absent,Absent,Absent,Absent,Absent,Absent,Absent,Absent,Absent,Absent,Absent,Absent,Absent,Absent,Absent,Absent,Absent,Absent,Absent,Absent,Absent,Absent,Absent,Absent,Absent,Absent,Absent,Absent,Absent,Absent,Absent,Absent,Absent,Absent,Absent,Absent,Absent,Absent,Absent,Absent,Absent,Absent,Absent,Absent,Absent,Absent,Absent,Absent,Absent,Absent,Absent,Absent,Absent,Absent,Absent,Absent,Absent,Absent,Absent,Absent,Absent,Absent,Absent,Absent,Absent,Absent,Absent,Absent,Absent,Absent,Absent,Absent,Absent,Absent,Absent,Absent,Absent,Absent,Absent,Absent,Absent,Absent,Absent,Absent,Absent,Absent,Absent,Absent,Absent,Absent,Absent,Absent,Absent,Absent,Absent,Absent,Absent,Absent,Absent,Absent,Absent,Absent,Absent,Absent,Absent,Absent,Absent,Absent,Absent,Absent,Absent,Absent,Absent,Absent,Absent,Absent,Absent,Absent,Absent,Absent,Absent,Absent,Absent,Absent,Absent,Present,Absent,Absent,Absent,Absent,Absent,Absent,Absent,Absent,Absent,Absent,Absent,Absent,Absent,Absent,Absent,Absent,Absent,Absent,Absent,Absent,Absent,Absent,Absent,Absent,Absent,Absent,Absent,Absent,Absent,Absent,Absent,Absent,Absent,Absent,Absent,Absent,Absent,Absent,Absent,Absent,Absent,Absent,Absent,Absent,Absent,Absent,Absent,Absent,Absent,Absent,Absent,Absent,Absent,Absent,Absent,Absent,Absent,Absent,Absent,Absent,Absent,Absent,Absent,Absent,Absent,Absent,Absent,Absent,Absent,Absent,Absent,Absent,Absent,Absent,Absent,Absent,Absent,Absent,Absent,Absent,Absent,Absent,Absent,Absent,Absent,Absent,Absent,Absent,Absent,Absent,Absent,Absent,Absent,Absent,Absent,Absent,Absent,Absent,Absent,Absent,Absent,Absent,Absent,Absent,Absent,Absent,Absent,Absent,Absent,Absent,Absent,Absent,Absent,Absent,Absent,Absent,Absent,Absent,Absent,Absent,Absent,Absent,Absent,Absent,Absent,Absent,Absent,Present,Absent,Absent,Absent,Absent,Absent,Absent,Absent,Absent,Absent,Absent,Absent,Absent,Absent,Absent,Absent,Absent,Absent
Hydrogenases,FeFe hydrogenase,fefe-group-c1,Absent,Absent,Absent,Absent,Absent,Absent,Absent,Absent,Absent,Absent,Absent,Absent,Absent,Absent,Absent,Absent,Absent,Absent,Absent,Absent,Absent,Absent,Absent,Absent,Absent,Absent,Absent,Absent,Absent,Absent,Absent,Absent,Absent,Absent,Absent,Absent,Absent,Present,Absent,Absent,Absent,Absent,Absent,Absent,Absent,Absent,Absent,Absent,Absent,Absent,Absent,Absent,Absent,Absent,Absent,Absent,Absent,Absent,Absent,Absent,Absent,Absent,Absent,Absent,Absent,Absent,Absent,Absent,Absent,Absent,Absent,Absent,Absent,Absent,Absent,Absent,Absent,Absent,Present,Absent,Absent,Absent,Absent,Absent,Absent,Absent,Absent,Absent,Absent,Absent,Absent,Absent,Absent,Absent,Absent,Absent,Absent,Absent,Absent,Absent,Absent,Absent,Absent,Absent,Absent,Absent,Absent,Absent,Absent,Absent,Absent,Absent,Absent,Absent,Absent,Absent,Absent,Absent,Absent,Absent,Absent,Absent,Absent,Absent,Absent,Absent,Absent,Absent,Absent,Absent,Absent,Absent,Absent,Absent,Absent,Present,Absent,Absent,Absent,Present,Absent,Present,Absent,Absent,Absent,Absent,Absent,Absent,Absent,Absent,Absent,Absent,Absent,Absent,Absent,Absent,Absent,Absent,Absent,Absent,Absent,Absent,Absent,Absent,Absent,Absent,Absent,Absent,Absent,Absent,Absent,Absent,Absent,Absent,Absent,Absent,Absent,Absent,Absent,Absent,Absent,Absent,Present,Absent,Absent,Present,Absent,Absent,Absent,Absent,Absent,Absent,Absent,Absent,Absent,Absent,Absent,Absent,Absent,Absent,Absent,Absent,Absent,Absent,Absent,Absent,Absent,Present,Absent,Absent,Absent,Absent,Absent,Absent,Absent,Absent,Absent,Absent,Absent,Present,Absent,Absent,Absent,Absent,Absent,Absent,Absent,Absent,Absent,Absent,Absent,Absent,Absent,Absent,Absent,Absent,Absent,Absent,Absent,Absent,Absent,Absent,Absent,Absent,Absent,Absent,Absent,Absent,Absent,Absent,Absent,Absent,Absent,Absent,Absent,Absent,Absent,Absent,Absent,Absent,Absent,Absent,Absent,Absent,Absent,Absent,Absent,Absent,Absent,Absent,Absent,Absent,Absent,Absent
Hydrogenases,FeFe hydrogenase,fefe-group-c2,Absent,Absent,Absent,Absent,Absent,Absent,Absent,Absent,Absent,Absent,Absent,Absent,Absent,Absent,Absent,Absent,Absent,Absent,Absent,Absent,Absent,Absent,Absent,Absent,Absent,Absent,Absent,Absent,Absent,Absent,Absent,Absent,Absent,Absent,Absent,Absent,Absent,Absent,Absent,Absent,Absent,Absent,Absent,Absent,Absent,Absent,Absent,Absent,Absent,Absent,Absent,Absent,Absent,Absent,Absent,Absent,Absent,Absent,Absent,Absent,Absent,Absent,Absent,Absent,Absent,Absent,Absent,Absent,Absent,Absent,Absent,Absent,Absent,Absent,Absent,Absent,Absent,Absent,Absent,Absent,Absent,Absent,Absent,Absent,Absent,Absent,Absent,Absent,Absent,Absent,Absent,Absent,Absent,Absent,Absent,Absent,Absent,Absent,Absent,Absent,Absent,Absent,Absent,Absent,Absent,Absent,Absent,Absent,Absent,Absent,Absent,Absent,Absent,Absent,Absent,Absent,Absent,Absent,Absent,Absent,Absent,Absent,Absent,Absent,Absent,Absent,Absent,Absent,Absent,Absent,Absent,Absent,Absent,Absent,Absent,Present,Absent,Absent,Absent,Absent,Absent,Absent,Absent,Absent,Absent,Absent,Absent,Absent,Absent,Absent,Absent,Absent,Absent,Absent,Absent,Absent,Absent,Absent,Absent,Absent,Absent,Absent,Absent,Absent,Absent,Absent,Absent,Absent,Absent,Absent,Absent,Absent,Absent,Absent,Absent,Absent,Absent,Absent,Absent,Absent,Absent,Absent,Absent,Absent,Absent,Absent,Absent,Absent,Absent,Absent,Absent,Absent,Absent,Absent,Absent,Absent,Absent,Absent,Absent,Absent,Absent,Absent,Absent,Absent,Absent,Absent,Absent,Absent,Absent,Absent,Absent,Absent,Absent,Absent,Absent,Absent,Absent,Absent,Absent,Absent,Absent,Absent,Absent,Absent,Absent,Absent,Absent,Absent,Absent,Absent,Absent,Absent,Absent,Absent,Absent,Absent,Absent,Absent,Absent,Absent,Absent,Absent,Absent,Absent,Absent,Absent,Absent,Absent,Absent,Absent,Absent,Absent,Absent,Absent,Absent,Absent,Absent,Absent,Absent,Absent,Absent,Absent,Absent,Absent,Absent,Absent,Absent,Absent,Absent,Absent,Absent,Absent,Absent,Absent
Hydrogenases,FeFe hydrogenase,fefe-group-c3,Absent,Absent,Absent,Absent,Absent,Absent,Absent,Absent,Absent,Absent,Absent,Absent,Absent,Absent,Absent,Absent,Absent,Absent,Absent,Absent,Absent,Absent,Absent,Absent,Absent,Absent,Absent,Absent,Absent,Absent,Absent,Absent,Absent,Absent,Absent,Absent,Absent,Absent,Absent,Absent,Absent,Absent,Absent,Absent,Absent,Absent,Absent,Absent,Absent,Absent,Absent,Absent,Absent,Absent,Absent,Absent,Absent,Absent,Absent,Absent,Absent,Absent,Absent,Absent,Absent,Absent,Absent,Absent,Absent,Absent,Absent,Absent,Absent,Absent,Absent,Absent,Absent,Absent,Present,Absent,Absent,Absent,Absent,Absent,Absent,Absent,Absent,Absent,Absent,Absent,Absent,Absent,Absent,Absent,Absent,Absent,Absent,Absent,Absent,Absent,Absent,Absent,Absent,Absent,Absent,Absent,Absent,Absent,Absent,Absent,Absent,Absent,Absent,Absent,Absent,Absent,Absent,Absent,Absent,Absent,Absent,Absent,Absent,Absent,Present,Absent,Absent,Absent,Absent,Absent,Absent,Absent,Absent,Absent,Absent,Absent,Absent,Absent,Absent,Absent,Absent,Absent,Absent,Absent,Absent,Absent,Absent,Absent,Absent,Absent,Absent,Absent,Absent,Absent,Absent,Absent,Absent,Absent,Absent,Absent,Absent,Absent,Absent,Absent,Absent,Absent,Absent,Absent,Absent,Absent,Absent,Absent,Absent,Absent,Absent,Absent,Absent,Absent,Absent,Absent,Absent,Absent,Absent,Absent,Absent,Absent,Absent,Absent,Absent,Absent,Absent,Absent,Absent,Absent,Absent,Absent,Absent,Absent,Absent,Absent,Absent,Absent,Absent,Absent,Absent,Absent,Absent,Absent,Absent,Absent,Absent,Absent,Absent,Absent,Absent,Present,Absent,Absent,Absent,Present,Absent,Absent,Absent,Absent,Absent,Absent,Absent,Absent,Absent,Absent,Absent,Absent,Absent,Absent,Absent,Absent,Absent,Absent,Absent,Absent,Absent,Absent,Absent,Absent,Absent,Absent,Absent,Absent,Absent,Absent,Absent,Absent,Absent,Absent,Absent,Absent,Absent,Absent,Absent,Absent,Absent,Absent,Absent,Absent,Absent,Absent,Absent,Absent,Absent,Absent,Absent,Absent,Absent,Absent
Hydrogenases,Fe hydrogenase,fe,Absent,Absent,Absent,Absent,Absent,Absent,Absent,Absent,Absent,Absent,Absent,Absent,Absent,Absent,Absent,Absent,Absent,Absent,Absent,Absent,Absent,Absent,Absent,Absent,Absent,Absent,Absent,Absent,Absent,Absent,Absent,Absent,Absent,Absent,Absent,Absent,Absent,Absent,Absent,Absent,Absent,Absent,Absent,Absent,Absent,Absent,Absent,Absent,Absent,Absent,Absent,Absent,Absent,Absent,Absent,Absent,Absent,Absent,Absent,Absent,Absent,Absent,Absent,Absent,Absent,Absent,Absent,Absent,Absent,Absent,Absent,Absent,Absent,Absent,Absent,Absent,Absent,Absent,Absent,Absent,Absent,Absent,Absent,Absent,Absent,Absent,Absent,Absent,Absent,Absent,Absent,Absent,Absent,Absent,Absent,Absent,Absent,Absent,Absent,Absent,Absent,Absent,Absent,Absent,Absent,Absent,Absent,Absent,Absent,Absent,Absent,Absent,Absent,Absent,Absent,Absent,Absent,Absent,Absent,Absent,Absent,Absent,Absent,Absent,Absent,Absent,Absent,Absent,Absent,Absent,Absent,Absent,Absent,Absent,Absent,Absent,Absent,Absent,Absent,Absent,Absent,Absent,Absent,Absent,Absent,Absent,Absent,Absent,Absent,Absent,Absent,Absent,Absent,Absent,Absent,Absent,Absent,Absent,Absent,Absent,Absent,Absent,Absent,Absent,Absent,Absent,Absent,Absent,Absent,Absent,Absent,Absent,Absent,Absent,Absent,Absent,Absent,Absent,Absent,Absent,Absent,Absent,Absent,Absent,Absent,Absent,Absent,Absent,Absent,Absent,Absent,Absent,Absent,Absent,Absent,Absent,Absent,Absent,Absent,Absent,Absent,Absent,Absent,Absent,Absent,Absent,Absent,Absent,Absent,Absent,Absent,Absent,Absent,Absent,Absent,Absent,Absent,Absent,Absent,Absent,Absent,Absent,Absent,Absent,Absent,Absent,Absent,Absent,Absent,Absent,Absent,Absent,Absent,Absent,Absent,Absent,Absent,Absent,Absent,Absent,Absent,Absent,Absent,Absent,Absent,Absent,Absent,Absent,Absent,Absent,Absent,Absent,Absent,Absent,Absent,Absent,Absent,Absent,Absent,Absent,Absent,Absent,Absent,Absent,Absent,Absent,Absent,Absent,Absent,Absent,Absent,Absent,Absent,Absent
Hydrogenases,Ni-Fe Hydrogenase,nife-group-1,Absent,Present,Absent,Absent,Absent,Absent,Absent,Present,Absent,Absent,Absent,Present,Absent,Absent,Present,Present,Absent,Present,Absent,Present,Absent,Absent,Absent,Absent,Absent,Absent,Absent,Absent,Present,Absent,Absent,Absent,Absent,Absent,Present,Absent,Absent,Absent,Present,Absent,Absent,Absent,Absent,Absent,Absent,Absent,Absent,Absent,Absent,Absent,Absent,Absent,Absent,Absent,Absent,Absent,Absent,Absent,Absent,Absent,Absent,Absent,Absent,Absent,Absent,Absent,Absent,Absent,Absent,Absent,Absent,Absent,Absent,Absent,Absent,Absent,Present,Absent,Present,Absent,Present,Absent,Absent,Absent,Absent,Absent,Present,Absent,Absent,Absent,Absent,Absent,Absent,Absent,Absent,Present,Absent,Absent,Absent,Absent,Absent,Absent,Absent,Absent,Present,Absent,Absent,Absent,Absent,Absent,Absent,Absent,Absent,Absent,Absent,Absent,Absent,Absent,Absent,Absent,Present,Absent,Absent,Absent,Present,Absent,Absent,Absent,Present,Absent,Absent,Absent,Absent,Absent,Absent,Absent,Absent,Absent,Absent,Absent,Absent,Absent,Absent,Present,Absent,Absent,Absent,Present,Absent,Absent,Absent,Absent,Absent,Absent,Present,Present,Absent,Absent,Absent,Absent,Present,Absent,Absent,Absent,Absent,Absent,Absent,Absent,Present,Absent,Absent,Absent,Present,Absent,Absent,Absent,Absent,Absent,Absent,Absent,Absent,Absent,Absent,Present,Absent,Absent,Absent,Absent,Absent,Absent,Absent,Present,Present,Present,Absent,Absent,Absent,Absent,Absent,Present,Absent,Absent,Absent,Absent,Absent,Absent,Absent,Absent,Present,Absent,Absent,Absent,Present,Absent,Absent,Absent,Absent,Absent,Absent,Present,Absent,Absent,Absent,Absent,Absent,Present,Absent,Present,Absent,Absent,Absent,Present,Absent,Absent,Absent,Absent,Absent,Present,Absent,Absent,Absent,Absent,Absent,Absent,Absent,Present,Present,Absent,Present,Absent,Absent,Absent,Absent,Present,Absent,Absent,Present,Absent,Present,Absent,Present,Absent,Present,Absent,Present,Present,Present,Present,Absent,Present,Present,Absent,Present,Present
Hydrogenases,Ni-Fe Hydrogenase,nife-group-2ade,Absent,Absent,Absent,Absent,Absent,Absent,Absent,Absent,Absent,Absent,Absent,Absent,Absent,Absent,Absent,Absent,Absent,Absent,Absent,Absent,Absent,Absent,Absent,Absent,Absent,Absent,Absent,Absent,Absent,Absent,Absent,Absent,Absent,Absent,Absent,Absent,Absent,Absent,Absent,Absent,Absent,Absent,Absent,Absent,Absent,Absent,Absent,Absent,Absent,Absent,Absent,Absent,Absent,Absent,Absent,Absent,Absent,Absent,Absent,Absent,Absent,Absent,Absent,Absent,Absent,Absent,Absent,Absent,Absent,Absent,Absent,Absent,Absent,Absent,Absent,Absent,Absent,Absent,Absent,Absent,Absent,Absent,Absent,Absent,Absent,Absent,Absent,Absent,Absent,Absent,Absent,Absent,Absent,Absent,Absent,Absent,Absent,Absent,Absent,Absent,Absent,Absent,Absent,Absent,Absent,Absent,Absent,Absent,Absent,Absent,Absent,Absent,Absent,Absent,Absent,Absent,Absent,Absent,Absent,Absent,Absent,Absent,Absent,Absent,Absent,Absent,Absent,Absent,Absent,Absent,Absent,Absent,Absent,Absent,Absent,Absent,Absent,Absent,Absent,Absent,Absent,Absent,Absent,Absent,Absent,Absent,Absent,Absent,Absent,Absent,Absent,Absent,Absent,Absent,Absent,Absent,Absent,Absent,Absent,Absent,Absent,Absent,Absent,Absent,Absent,Absent,Absent,Absent,Absent,Absent,Absent,Absent,Absent,Absent,Absent,Absent,Absent,Absent,Absent,Absent,Absent,Absent,Absent,Absent,Absent,Absent,Absent,Absent,Absent,Absent,Absent,Absent,Absent,Absent,Absent,Absent,Absent,Absent,Absent,Absent,Absent,Absent,Absent,Absent,Absent,Absent,Absent,Absent,Absent,Absent,Absent,Absent,Absent,Absent,Absent,Absent,Absent,Absent,Absent,Absent,Absent,Absent,Absent,Absent,Absent,Absent,Absent,Absent,Absent,Absent,Absent,Absent,Absent,Absent,Absent,Absent,Absent,Absent,Absent,Absent,Absent,Absent,Absent,Absent,Absent,Absent,Absent,Absent,Absent,Absent,Absent,Absent,Absent,Absent,Absent,Absent,Absent,Absent,Absent,Absent,Absent,Absent,Absent,Absent,Absent,Absent,Absent,Absent,Absent,Absent,Absent,Absent,Absent,Absent
Hydrogenases,Ni-Fe Hydrogenase,nife-group-2bc,Absent,Absent,Absent,Absent,Absent,Absent,Absent,Absent,Absent,Absent,Absent,Absent,Absent,Absent,Absent,Absent,Absent,Absent,Absent,Absent,Absent,Absent,Absent,Absent,Absent,Absent,Absent,Absent,Absent,Absent,Absent,Absent,Absent,Absent,Absent,Absent,Absent,Absent,Absent,Absent,Absent,Absent,Absent,Absent,Absent,Absent,Absent,Absent,Absent,Absent,Absent,Absent,Absent,Absent,Absent,Absent,Present,Absent,Absent,Absent,Absent,Absent,Absent,Absent,Absent,Absent,Absent,Absent,Absent,Absent,Absent,Absent,Absent,Absent,Absent,Absent,Absent,Absent,Absent,Absent,Absent,Absent,Absent,Absent,Absent,Absent,Absent,Absent,Absent,Absent,Absent,Absent,Absent,Absent,Absent,Absent,Absent,Absent,Absent,Absent,Absent,Absent,Absent,Absent,Absent,Absent,Absent,Absent,Absent,Absent,Absent,Absent,Absent,Absent,Absent,Absent,Absent,Absent,Absent,Absent,Absent,Absent,Absent,Absent,Absent,Absent,Absent,Absent,Absent,Absent,Absent,Absent,Absent,Absent,Absent,Absent,Absent,Absent,Absent,Absent,Absent,Absent,Absent,Absent,Absent,Absent,Absent,Absent,Absent,Absent,Absent,Absent,Absent,Absent,Absent,Absent,Absent,Absent,Absent,Absent,Absent,Absent,Absent,Absent,Absent,Absent,Absent,Absent,Absent,Absent,Absent,Absent,Absent,Absent,Absent,Absent,Absent,Absent,Absent,Absent,Absent,Absent,Absent,Absent,Absent,Absent,Absent,Absent,Absent,Absent,Absent,Absent,Absent,Absent,Absent,Absent,Absent,Absent,Absent,Absent,Absent,Absent,Absent,Absent,Absent,Absent,Absent,Absent,Absent,Absent,Absent,Absent,Absent,Absent,Absent,Absent,Absent,Absent,Absent,Absent,Absent,Absent,Absent,Absent,Absent,Absent,Absent,Absent,Absent,Absent,Absent,Absent,Absent,Absent,Absent,Absent,Absent,Absent,Absent,Absent,Absent,Absent,Absent,Absent,Absent,Absent,Absent,Absent,Absent,Absent,Absent,Absent,Absent,Absent,Absent,Absent,Absent,Absent,Absent,Absent,Absent,Absent,Absent,Absent,Absent,Absent,Absent,Absent,Absent,Absent,Absent,Absent,Absent,Absent
Hydrogenases,Ni-Fe Hydrogenase,nife-group-3abd,Absent,Present,Present,Absent,Absent,Absent,Present,Absent,Absent,Absent,Absent,Absent,Absent,Absent,Absent,Absent,Present,Absent,Absent,Absent,Absent,Absent,Absent,Absent,Absent,Absent,Absent,Absent,Absent,Absent,Absent,Absent,Absent,Absent,Absent,Present,Absent,Present,Present,Absent,Absent,Absent,Absent,Absent,Absent,Absent,Absent,Absent,Absent,Absent,Absent,Absent,Absent,Absent,Absent,Absent,Absent,Absent,Absent,Absent,Absent,Absent,Absent,Absent,Absent,Absent,Absent,Absent,Absent,Absent,Present,Absent,Absent,Absent,Absent,Absent,Absent,Absent,Present,Absent,Absent,Absent,Absent,Absent,Absent,Present,Absent,Absent,Absent,Absent,Absent,Absent,Absent,Absent,Absent,Absent,Absent,Absent,Absent,Absent,Absent,Absent,Absent,Absent,Absent,Absent,Absent,Absent,Absent,Absent,Present,Absent,Absent,Absent,Present,Absent,Absent,Absent,Absent,Absent,Absent,Present,Absent,Present,Absent,Absent,Absent,Absent,Absent,Absent,Absent,Absent,Absent,Absent,Absent,Absent,Absent,Absent,Absent,Absent,Absent,Absent,Absent,Absent,Absent,Absent,Absent,Absent,Absent,Absent,Absent,Absent,Present,Absent,Absent,Absent,Absent,Absent,Absent,Absent,Absent,Absent,Absent,Absent,Absent,Absent,Present,Absent,Present,Absent,Absent,Absent,Absent,Absent,Absent,Absent,Absent,Absent,Absent,Absent,Absent,Absent,Present,Present,Present,Absent,Absent,Absent,Absent,Absent,Absent,Absent,Absent,Absent,Absent,Absent,Absent,Absent,Absent,Present,Absent,Present,Present,Absent,Absent,Absent,Absent,Present,Present,Absent,Absent,Present,Absent,Absent,Present,Absent,Absent,Absent,Absent,Present,Absent,Absent,Absent,Present,Absent,Absent,Absent,Absent,Absent,Absent,Absent,Present,Absent,Absent,Absent,Absent,Absent,Absent,Absent,Absent,Absent,Absent,Absent,Absent,Absent,Absent,Absent,Absent,Absent,Absent,Absent,Absent,Absent,Absent,Absent,Absent,Absent,Absent,Absent,Absent,Absent,Absent,Absent,Absent,Absent,Absent,Absent,Absent,Present,Absent,Absent,Absent,Present,Absent
Hydrogenases,Ni-Fe Hydrogenase,nife-group-3c,Absent,Absent,Present,Absent,Absent,Absent,Absent,Absent,Absent,Absent,Present,Absent,Absent,Absent,Absent,Absent,Absent,Absent,Absent,Absent,Absent,Absent,Absent,Absent,Absent,Absent,Absent,Absent,Absent,Absent,Absent,Absent,Absent,Absent,Absent,Absent,Absent,Absent,Absent,Absent,Present,Absent,Absent,Absent,Absent,Absent,Absent,Absent,Absent,Absent,Absent,Absent,Absent,Absent,Absent,Absent,Absent,Absent,Absent,Absent,Absent,Absent,Absent,Absent,Absent,Absent,Absent,Absent,Absent,Absent,Absent,Absent,Absent,Absent,Absent,Absent,Absent,Absent,Present,Absent,Absent,Absent,Absent,Absent,Absent,Absent,Absent,Absent,Absent,Absent,Absent,Absent,Absent,Absent,Present,Absent,Absent,Absent,Absent,Absent,Present,Absent,Absent,Absent,Absent,Absent,Absent,Absent,Absent,Absent,Absent,Absent,Absent,Absent,Absent,Absent,Absent,Absent,Absent,Absent,Absent,Absent,Absent,Absent,Absent,Present,Absent,Absent,Absent,Absent,Absent,Absent,Present,Absent,Absent,Absent,Absent,Absent,Absent,Absent,Absent,Present,Absent,Absent,Absent,Present,Absent,Absent,Absent,Absent,Absent,Absent,Absent,Absent,Absent,Absent,Absent,Absent,Absent,Absent,Absent,Absent,Absent,Absent,Absent,Absent,Absent,Present,Absent,Absent,Absent,Absent,Absent,Absent,Absent,Absent,Absent,Absent,Absent,Absent,Absent,Absent,Absent,Absent,Absent,Present,Absent,Absent,Absent,Absent,Absent,Absent,Present,Absent,Absent,Absent,Present,Absent,Absent,Absent,Present,Absent,Absent,Absent,Absent,Absent,Absent,Absent,Absent,Absent,Absent,Absent,Present,Absent,Present,Absent,Absent,Absent,Absent,Absent,Absent,Absent,Absent,Present,Absent,Absent,Absent,Absent,Absent,Absent,Absent,Absent,Absent,Absent,Absent,Present,Absent,Absent,Absent,Absent,Absent,Absent,Absent,Absent,Absent,Absent,Absent,Absent,Absent,Absent,Absent,Absent,Absent,Absent,Absent,Absent,Absent,Absent,Absent,Absent,Absent,Absent,Absent,Absent,Absent,Absent,Absent,Absent,Absent,Absent,Absent,Absent,Absent,Absent
Hydrogenases,Ni-Fe Hydrogenase,nife-group-4a-g,Absent,Present,Absent,Absent,Absent,Absent,Absent,Absent,Absent,Absent,Absent,Absent,Absent,Absent,Absent,Absent,Absent,Absent,Absent,Absent,Absent,Absent,Absent,Absent,Absent,Absent,Absent,Absent,Absent,Absent,Absent,Absent,Present,Absent,Present,Absent,Absent,Present,Absent,Absent,Present,Absent,Absent,Absent,Absent,Absent,Absent,Absent,Absent,Absent,Absent,Absent,Absent,Absent,Absent,Absent,Absent,Absent,Absent,Absent,Absent,Absent,Absent,Absent,Present,Absent,Absent,Absent,Absent,Absent,Present,Absent,Absent,Absent,Present,Absent,Absent,Absent,Present,Absent,Present,Absent,Absent,Absent,Absent,Absent,Absent,Present,Absent,Absent,Absent,Absent,Absent,Absent,Present,Absent,Absent,Absent,Absent,Absent,Present,Absent,Absent,Absent,Absent,Present,Absent,Absent,Absent,Present,Absent,Absent,Absent,Absent,Absent,Absent,Absent,Absent,Absent,Absent,Absent,Absent,Present,Absent,Present,Present,Absent,Absent,Absent,Absent,Absent,Present,Absent,Absent,Absent,Absent,Absent,Present,Absent,Absent,Absent,Absent,Absent,Present,Present,Absent,Absent,Absent,Absent,Absent,Absent,Absent,Present,Absent,Absent,Absent,Absent,Absent,Present,Absent,Absent,Absent,Absent,Absent,Absent,Absent,Absent,Absent,Absent,Absent,Absent,Absent,Absent,Absent,Absent,Absent,Absent,Absent,Absent,Absent,Absent,Absent,Present,Absent,Absent,Present,Absent,Absent,Absent,Absent,Absent,Absent,Absent,Absent,Absent,Absent,Present,Absent,Absent,Absent,Absent,Absent,Present,Absent,Absent,Absent,Absent,Absent,Absent,Absent,Absent,Absent,Absent,Absent,Present,Present,Present,Absent,Present,Absent,Absent,Absent,Absent,Present,Absent,Absent,Absent,Absent,Absent,Absent,Absent,Absent,Absent,Absent,Absent,Present,Absent,Absent,Absent,Absent,Absent,Absent,Absent,Absent,Absent,Absent,Absent,Absent,Absent,Absent,Absent,Absent,Absent,Absent,Absent,Absent,Absent,Absent,Absent,Absent,Absent,Absent,Absent,Absent,Absent,Absent,Absent,Absent,Absent,Absent,Absent,Absent,Absent,Absent
Hydrogenases,Ni-Fe Hydrogenase,nife-group-4hi,Absent,Absent,Absent,Absent,Absent,Absent,Absent,Absent,Absent,Absent,Absent,Absent,Absent,Absent,Absent,Absent,Absent,Absent,Absent,Absent,Absent,Absent,Absent,Absent,Absent,Absent,Absent,Absent,Absent,Absent,Absent,Absent,Absent,Absent,Absent,Absent,Absent,Absent,Absent,Absent,Absent,Absent,Absent,Absent,Absent,Absent,Absent,Absent,Absent,Absent,Absent,Absent,Absent,Absent,Absent,Absent,Absent,Absent,Absent,Absent,Absent,Absent,Absent,Absent,Absent,Absent,Absent,Absent,Absent,Absent,Absent,Absent,Absent,Absent,Absent,Absent,Absent,Absent,Absent,Absent,Absent,Absent,Absent,Absent,Absent,Absent,Absent,Absent,Absent,Absent,Absent,Absent,Absent,Absent,Absent,Absent,Absent,Absent,Absent,Absent,Absent,Absent,Absent,Absent,Absent,Absent,Absent,Absent,Absent,Absent,Absent,Absent,Absent,Absent,Absent,Absent,Absent,Absent,Absent,Absent,Absent,Absent,Absent,Absent,Absent,Absent,Absent,Absent,Absent,Absent,Absent,Absent,Absent,Absent,Absent,Absent,Absent,Absent,Absent,Absent,Absent,Absent,Absent,Absent,Absent,Absent,Absent,Absent,Absent,Absent,Absent,Absent,Absent,Absent,Absent,Absent,Absent,Absent,Absent,Absent,Absent,Absent,Absent,Absent,Absent,Absent,Absent,Absent,Absent,Absent,Absent,Absent,Absent,Absent,Absent,Absent,Absent,Absent,Absent,Absent,Absent,Absent,Absent,Absent,Absent,Absent,Absent,Absent,Absent,Absent,Absent,Absent,Absent,Absent,Absent,Absent,Absent,Absent,Absent,Absent,Absent,Absent,Absent,Absent,Absent,Absent,Absent,Absent,Absent,Absent,Absent,Absent,Absent,Absent,Absent,Absent,Absent,Absent,Absent,Absent,Absent,Absent,Absent,Absent,Absent,Absent,Absent,Absent,Absent,Absent,Absent,Absent,Absent,Absent,Absent,Absent,Absent,Absent,Absent,Absent,Absent,Absent,Absent,Absent,Absent,Absent,Absent,Absent,Absent,Absent,Absent,Absent,Absent,Absent,Absent,Absent,Absent,Absent,Absent,Absent,Absent,Absent,Absent,Absent,Absent,Absent,Absent,Absent,Absent,Absent,Absent,Absent,Absent,Absent
Oxidative phosphorylation,Complex I (NADH-quinone oxidoreductase),nuoABC,Present,Present,Present,Present,Present,Present,Present,Present,Present,Present,Present,Absent,Present,Present,Absent,Present,Present,Present,Present,Present,Present,Present,Absent,Present,Present,Present,Present,Present,Present,Present,Present,Present,Absent,Present,Present,Present,Absent,Present,Present,Present,Present,Present,Absent,Present,Absent,Present,Present,Absent,Present,Present,Present,Present,Present,Present,Present,Present,Present,Present,Present,Absent,Present,Present,Absent,Absent,Present,Present,Present,Present,Present,Present,Present,Present,Present,Present,Absent,Present,Present,Present,Present,Present,Absent,Present,Absent,Absent,Present,Present,Present,Present,Absent,Absent,Present,Present,Present,Absent,Present,Present,Present,Present,Present,Present,Present,Absent,Present,Absent,Absent,Present,Present,Present,Absent,Present,Present,Present,Absent,Absent,Present,Present,Absent,Present,Present,Present,Absent,Present,Absent,Present,Present,Absent,Absent,Present,Absent,Present,Absent,Absent,Present,Absent,Present,Absent,Absent,Absent,Present,Absent,Present,Present,Absent,Present,Absent,Absent,Present,Present,Present,Absent,Present,Present,Absent,Present,Present,Present,Present,Absent,Present,Present,Present,Present,Present,Present,Present,Present,Present,Present,Present,Present,Present,Present,Present,Present,Present,Absent,Absent,Absent,Absent,Present,Present,Present,Present,Present,Present,Present,Present,Absent,Present,Absent,Present,Present,Present,Present,Present,Absent,Absent,Present,Present,Present,Present,Present,Present,Absent,Present,Present,Present,Present,Present,Present,Present,Present,Present,Present,Present,Present,Absent,Present,Absent,Present,Present,Present,Absent,Present,Present,Present,Present,Present,Absent,Present,Present,Present,Present,Present,Present,Present,Present,Present,Present,Present,Present,Present,Absent,Present,Absent,Present,Present,Present,Present,Present,Present,Present,Absent,Present,Present,Absent,Present,Absent,Present,Present,Present,Present,Present,Present,Present,Present,Present,Present,Present,Present,Present,Present,Present,Present
Oxidative phosphorylation,Complex I (NAD(P)H-quinone oxidoreductase),NdhABC,Absent,Absent,Absent,Absent,Absent,Absent,Absent,Absent,Absent,Absent,Absent,Absent,Absent,Absent,Absent,Absent,Absent,Absent,Absent,Absent,Absent,Absent,Absent,Absent,Absent,Absent,Absent,Absent,Absent,Absent,Absent,Absent,Absent,Absent,Absent,Absent,Absent,Absent,Absent,Absent,Absent,Absent,Absent,Absent,Absent,Absent,Absent,Absent,Absent,Absent,Absent,Absent,Absent,Absent,Absent,Absent,Absent,Absent,Absent,Absent,Absent,Absent,Absent,Absent,Absent,Absent,Absent,Absent,Absent,Absent,Absent,Absent,Absent,Absent,Absent,Absent,Absent,Absent,Absent,Absent,Absent,Absent,Absent,Absent,Absent,Absent,Absent,Absent,Absent,Absent,Absent,Absent,Absent,Absent,Absent,Absent,Absent,Absent,Absent,Absent,Absent,Absent,Absent,Absent,Absent,Absent,Absent,Absent,Absent,Absent,Absent,Absent,Absent,Absent,Absent,Absent,Absent,Absent,Absent,Absent,Absent,Absent,Absent,Absent,Absent,Absent,Absent,Absent,Absent,Absent,Absent,Absent,Absent,Absent,Absent,Absent,Absent,Absent,Absent,Absent,Absent,Absent,Absent,Absent,Absent,Absent,Absent,Absent,Absent,Absent,Absent,Absent,Absent,Absent,Absent,Absent,Absent,Absent,Absent,Absent,Absent,Absent,Absent,Absent,Absent,Absent,Absent,Absent,Absent,Absent,Absent,Absent,Absent,Absent,Absent,Absent,Absent,Absent,Absent,Absent,Absent,Absent,Absent,Absent,Absent,Absent,Absent,Absent,Absent,Absent,Absent,Absent,Absent,Absent,Absent,Absent,Absent,Absent,Absent,Absent,Absent,Absent,Absent,Absent,Absent,Absent,Absent,Absent,Absent,Absent,Absent,Absent,Absent,Absent,Absent,Absent,Absent,Absent,Absent,Absent,Absent,Absent,Absent,Absent,Absent,Absent,Absent,Absent,Absent,Absent,Absent,Absent,Absent,Absent,Absent,Absent,Absent,Absent,Absent,Absent,Absent,Absent,Absent,Absent,Absent,Absent,Absent,Absent,Absent,Absent,Absent,Absent,Absent,Absent,Absent,Absent,Absent,Absent,Absent,Absent,Absent,Absent,Absent,Absent,Absent,Absent,Absent,Absent,Absent,Absent,Absent,Absent,Absent,Absent
Oxidative phosphorylation,Complex II (Succinate dehydrogenase/Fumarate reductase),sdhCD,Present,Present,Absent,Absent,Absent,Present,Absent,Present,Absent,Absent,Present,Present,Absent,Absent,Present,Present,Present,Present,Absent,Present,Present,Present,Absent,Present,Absent,Absent,Absent,Present,Present,Absent,Absent,Present,Absent,Present,Absent,Absent,Absent,Absent,Absent,Absent,Present,Absent,Absent,Absent,Present,Present,Present,Absent,Absent,Present,Present,Absent,Absent,Present,Present,Present,Present,Present,Absent,Present,Absent,Present,Present,Present,Present,Present,Present,Present,Absent,Present,Present,Present,Absent,Absent,Absent,Present,Present,Present,Absent,Absent,Absent,Absent,Present,Absent,Present,Absent,Present,Absent,Absent,Present,Absent,Absent,Present,Absent,Absent,Present,Present,Present,Absent,Present,Present,Absent,Present,Absent,Absent,Absent,Present,Absent,Absent,Present,Present,Present,Present,Absent,Present,Present,Present,Present,Absent,Present,Absent,Present,Absent,Present,Present,Absent,Absent,Present,Absent,Present,Absent,Absent,Absent,Absent,Present,Absent,Present,Absent,Present,Present,Present,Absent,Absent,Present,Absent,Absent,Present,Present,Present,Absent,Present,Absent,Present,Present,Absent,Absent,Absent,Present,Present,Absent,Present,Absent,Present,Absent,Present,Present,Absent,Present,Present,Present,Present,Present,Present,Present,Absent,Present,Present,Absent,Present,Present,Present,Present,Absent,Present,Absent,Absent,Absent,Present,Absent,Present,Absent,Present,Absent,Present,Present,Present,Absent,Present,Absent,Present,Absent,Present,Absent,Absent,Present,Present,Absent,Absent,Present,Present,Present,Absent,Absent,Present,Absent,Present,Present,Present,Absent,Absent,Absent,Present,Absent,Present,Present,Absent,Absent,Present,Absent,Present,Absent,Absent,Present,Present,Present,Present,Absent,Present,Absent,Absent,Present,Present,Absent,Present,Present,Present,Present,Present,Present,Absent,Present,Absent,Absent,Present,Present,Absent,Absent,Present,Absent,Absent,Absent,Absent,Absent,Absent,Present,Present,Present,Absent,Absent,Absent,Absent,Present,Absent,Absent
Oxidative phosphorylation,Complex III (Cytochrome c reductase),petAB||fbcH,Absent,Absent,Absent,Absent,Absent,Absent,Absent,Present,Absent,Absent,Absent,Absent,Absent,Absent,Present,Absent,Absent,Present,Absent,Present,Absent,Absent,Absent,Present,Absent,Present,Absent,Absent,Absent,Absent,Present,Present,Absent,Present,Absent,Absent,Absent,Present,Absent,Absent,Absent,Absent,Absent,Present,Absent,Absent,Absent,Absent,Absent,Absent,Absent,Absent,Absent,Absent,Absent,Absent,Present,Present,Absent,Absent,Absent,Present,Present,Absent,Absent,Absent,Absent,Absent,Absent,Absent,Absent,Present,Absent,Absent,Absent,Absent,Absent,Absent,Present,Absent,Absent,Absent,Absent,Absent,Absent,Absent,Absent,Absent,Absent,Absent,Absent,Absent,Absent,Absent,Absent,Absent,Absent,Present,Absent,Present,Present,Absent,Absent,Absent,Absent,Absent,Present,Absent,Absent,Absent,Present,Absent,Absent,Absent,Absent,Present,Absent,Absent,Absent,Absent,Absent,Absent,Absent,Absent,Absent,Absent,Absent,Present,Absent,Absent,Absent,Absent,Absent,Absent,Absent,Absent,Present,Absent,Absent,Present,Absent,Present,Absent,Absent,Absent,Absent,Absent,Absent,Absent,Absent,Absent,Absent,Absent,Absent,Absent,Present,Absent,Absent,Present,Absent,Absent,Absent,Present,Absent,Absent,Present,Absent,Absent,Absent,Absent,Absent,Absent,Absent,Absent,Present,Present,Absent,Absent,Absent,Absent,Absent,Absent,Absent,Absent,Absent,Absent,Absent,Absent,Absent,Present,Absent,Absent,Absent,Present,Absent,Absent,Absent,Absent,Absent,Present,Absent,Absent,Absent,Absent,Absent,Absent,Present,Present,Absent,Present,Present,Absent,Absent,Absent,Absent,Absent,Absent,Absent,Absent,Absent,Absent,Absent,Absent,Present,Absent,Absent,Present,Present,Present,Absent,Absent,Absent,Absent,Present,Present,Absent,Absent,Absent,Present,Present,Absent,Present,Absent,Present,Absent,Absent,Present,Absent,Present,Absent,Present,Absent,Absent,Absent,Present,Absent,Absent,Absent,Absent,Absent,Absent,Absent,Absent,Absent,Present,Absent,Present,Absent,Absent,Absent,Absent,Present,Absent,Present
Oxidative phosphorylation,Complex V (ATP synthase: V/A-type H+/Na+-transporting ATPase),atpAB (V/A-type),Absent,Absent,Absent,Absent,Absent,Absent,Absent,Absent,Absent,Absent,Absent,Absent,Absent,Absent,Absent,Absent,Absent,Absent,Absent,Absent,Absent,Absent,Absent,Absent,Absent,Absent,Absent,Absent,Absent,Absent,Absent,Absent,Absent,Absent,Absent,Absent,Present,Absent,Absent,Absent,Absent,Absent,Absent,Absent,Absent,Absent,Absent,Absent,Absent,Absent,Absent,Absent,Absent,Absent,Absent,Absent,Absent,Absent,Absent,Present,Absent,Absent,Absent,Absent,Absent,Absent,Absent,Absent,Absent,Absent,Absent,Absent,Absent,Absent,Present,Absent,Absent,Absent,Absent,Absent,Present,Absent,Present,Present,Absent,Present,Absent,Absent,Absent,Present,Absent,Absent,Absent,Absent,Present,Present,Absent,Absent,Absent,Absent,Absent,Absent,Absent,Absent,Present,Present,Absent,Absent,Absent,Absent,Absent,Absent,Present,Present,Absent,Absent,Present,Absent,Absent,Absent,Present,Absent,Absent,Absent,Absent,Present,Present,Absent,Present,Absent,Present,Present,Absent,Absent,Absent,Present,Absent,Present,Absent,Absent,Absent,Absent,Present,Absent,Present,Absent,Absent,Absent,Absent,Present,Absent,Absent,Absent,Absent,Absent,Absent,Absent,Absent,Absent,Absent,Absent,Absent,Absent,Present,Absent,Absent,Absent,Present,Absent,Absent,Absent,Absent,Absent,Absent,Absent,Absent,Absent,Present,Present,Absent,Absent,Absent,Absent,Absent,Absent,Absent,Absent,Absent,Absent,Absent,Absent,Absent,Absent,Absent,Absent,Present,Absent,Absent,Absent,Absent,Absent,Absent,Absent,Absent,Absent,Absent,Absent,Absent,Absent,Absent,Absent,Absent,Present,Absent,Absent,Absent,Present,Absent,Present,Absent,Absent,Absent,Absent,Absent,Absent,Absent,Absent,Absent,Absent,Absent,Absent,Absent,Absent,Absent,Absent,Absent,Absent,Absent,Absent,Absent,Absent,Absent,Absent,Absent,Present,Absent,Absent,Absent,Absent,Absent,Absent,Absent,Present,Absent,Absent,Absent,Present,Present,Absent,Absent,Absent,Absent,Absent,Absent,Absent,Absent,Absent,Absent,Absent,Absent,Absent,Absent,Absent,Absent
Oxidative phosphorylation,Complex V (F-type H+-transporting ATPase),atpAD (F-type),Present,Present,Present,Present,Present,Present,Present,Present,Present,Present,Present,Present,Present,Present,Present,Absent,Present,Present,Present,Present,Present,Present,Present,Present,Present,Present,Present,Absent,Present,Absent,Present,Present,Present,Present,Present,Present,Absent,Present,Present,Present,Present,Present,Present,Absent,Present,Present,Absent,Present,Present,Present,Present,Absent,Present,Present,Present,Present,Present,Present,Absent,Absent,Absent,Present,Present,Present,Present,Present,Present,Present,Present,Present,Absent,Absent,Present,Present,Absent,Present,Present,Present,Present,Present,Absent,Present,Present,Absent,Present,Present,Present,Absent,Present,Absent,Present,Present,Present,Absent,Absent,Present,Present,Absent,Present,Present,Present,Absent,Present,Absent,Present,Absent,Present,Present,Present,Present,Present,Present,Absent,Absent,Present,Present,Present,Present,Present,Present,Absent,Present,Absent,Present,Present,Absent,Absent,Present,Present,Present,Present,Absent,Present,Present,Present,Present,Present,Absent,Present,Present,Present,Present,Absent,Present,Absent,Absent,Absent,Present,Present,Absent,Present,Present,Present,Present,Present,Present,Absent,Present,Present,Present,Present,Absent,Present,Present,Present,Present,Present,Present,Present,Present,Absent,Present,Present,Present,Present,Present,Present,Present,Absent,Present,Present,Absent,Present,Present,Present,Present,Present,Absent,Present,Present,Present,Absent,Present,Present,Present,Present,Absent,Present,Present,Present,Present,Present,Present,Present,Present,Present,Present,Present,Present,Present,Present,Present,Present,Present,Present,Present,Present,Present,Absent,Absent,Present,Present,Present,Present,Present,Present,Present,Present,Absent,Present,Absent,Absent,Present,Present,Present,Present,Present,Present,Present,Present,Present,Present,Absent,Present,Absent,Present,Present,Present,Present,Present,Absent,Present,Present,Present,Present,Absent,Present,Absent,Absent,Present,Absent,Present,Absent,Present,Present,Present,Present,Present,Present,Present,Present,Present,Present,Present
Oxygen metabolism (Oxidative phosphorylation Complex IV),"Oxygen metabolism - cytochrome c oxidase, caa3-type",coxAB,Present,Present,Absent,Present,Present,Absent,Present,Present,Absent,Absent,Present,Present,Absent,Present,Present,Absent,Present,Absent,Present,Present,Absent,Present,Present,Present,Present,Present,Present,Present,Absent,Absent,Present,Absent,Absent,Present,Absent,Present,Absent,Absent,Present,Absent,Absent,Absent,Absent,Present,Absent,Present,Absent,Present,Absent,Present,Present,Present,Present,Absent,Present,Present,Present,Present,Present,Absent,Present,Present,Present,Present,Present,Absent,Present,Absent,Absent,Present,Present,Present,Absent,Absent,Absent,Absent,Present,Absent,Present,Absent,Absent,Absent,Absent,Absent,Present,Absent,Absent,Absent,Absent,Absent,Present,Absent,Present,Absent,Present,Present,Present,Absent,Absent,Present,Absent,Absent,Present,Absent,Absent,Absent,Present,Present,Absent,Present,Present,Present,Absent,Present,Present,Present,Absent,Present,Present,Present,Absent,Present,Absent,Present,Absent,Absent,Absent,Present,Absent,Present,Absent,Absent,Present,Absent,Absent,Absent,Absent,Absent,Absent,Present,Present,Absent,Absent,Present,Absent,Absent,Present,Present,Present,Absent,Present,Present,Present,Absent,Present,Present,Present,Present,Present,Present,Present,Present,Present,Present,Present,Present,Absent,Absent,Present,Present,Absent,Absent,Present,Present,Present,Present,Present,Absent,Absent,Present,Present,Present,Absent,Absent,Present,Absent,Absent,Absent,Present,Absent,Present,Absent,Present,Present,Present,Absent,Absent,Present,Present,Present,Absent,Present,Absent,Absent,Present,Present,Absent,Absent,Present,Absent,Present,Present,Absent,Present,Absent,Absent,Absent,Present,Absent,Absent,Absent,Absent,Absent,Present,Present,Present,Present,Present,Present,Present,Absent,Present,Present,Absent,Present,Present,Present,Present,Absent,Present,Present,Present,Absent,Present,Absent,Absent,Present,Present,Present,Present,Present,Absent,Absent,Present,Present,Present,Present,Absent,Present,Absent,Present,Present,Absent,Present,Present,Present,Present,Absent,Present,Present,Present,Absent,Present,Present
Oxygen metabolism (Oxidative phosphorylation Complex IV),"Oxygen metabolism - cytochrome c oxidase, cbb3-type",ccoNOP,Present,Present,Absent,Absent,Absent,Absent,Present,Absent,Absent,Absent,Absent,Absent,Absent,Absent,Absent,Absent,Absent,Absent,Absent,Absent,Absent,Present,Absent,Present,Absent,Absent,Absent,Present,Absent,Present,Absent,Present,Absent,Present,Absent,Absent,Absent,Absent,Present,Absent,Absent,Absent,Absent,Absent,Absent,Absent,Absent,Present,Absent,Absent,Absent,Absent,Present,Absent,Present,Absent,Present,Present,Absent,Absent,Absent,Present,Absent,Absent,Absent,Absent,Absent,Present,Absent,Present,Absent,Absent,Present,Absent,Absent,Absent,Absent,Absent,Absent,Absent,Absent,Present,Absent,Absent,Absent,Absent,Absent,Absent,Absent,Absent,Absent,Absent,Absent,Absent,Present,Absent,Present,Absent,Absent,Absent,Present,Absent,Present,Absent,Absent,Present,Present,Absent,Absent,Absent,Present,Absent,Absent,Absent,Absent,Absent,Absent,Absent,Absent,Absent,Absent,Absent,Present,Absent,Absent,Absent,Absent,Absent,Absent,Absent,Absent,Absent,Present,Absent,Absent,Absent,Absent,Absent,Absent,Absent,Absent,Absent,Absent,Present,Absent,Absent,Absent,Absent,Absent,Absent,Present,Absent,Absent,Present,Absent,Present,Absent,Absent,Absent,Absent,Absent,Present,Present,Absent,Absent,Present,Absent,Absent,Absent,Absent,Absent,Present,Absent,Absent,Absent,Present,Absent,Absent,Absent,Absent,Present,Absent,Absent,Present,Present,Absent,Absent,Absent,Absent,Absent,Present,Present,Absent,Absent,Absent,Absent,Absent,Absent,Absent,Absent,Present,Absent,Present,Absent,Absent,Absent,Present,Absent,Present,Present,Absent,Absent,Absent,Absent,Absent,Absent,Absent,Absent,Absent,Absent,Absent,Absent,Absent,Absent,Absent,Absent,Absent,Present,Absent,Absent,Absent,Present,Absent,Absent,Present,Present,Absent,Present,Absent,Absent,Present,Absent,Absent,Present,Absent,Absent,Present,Absent,Present,Present,Present,Absent,Absent,Present,Present,Absent,Absent,Absent,Absent,Absent,Absent,Absent,Absent,Absent,Absent,Absent,Present,Absent,Present,Absent,Absent,Absent,Absent,Absent
Oxygen metabolism (Oxidative phosphorylation Complex IV),"Oxygen metabolism - cytochrome (quinone) oxidase, bo type",cyoABCD,Absent,Absent,Absent,Absent,Absent,Absent,Absent,Absent,Absent,Absent,Absent,Absent,Absent,Absent,Absent,Absent,Absent,Absent,Absent,Absent,Absent,Absent,Absent,Absent,Absent,Absent,Absent,Absent,Absent,Absent,Absent,Absent,Absent,Absent,Absent,Absent,Absent,Absent,Absent,Absent,Absent,Absent,Absent,Absent,Absent,Absent,Absent,Absent,Absent,Absent,Absent,Absent,Absent,Absent,Absent,Absent,Absent,Absent,Absent,Absent,Absent,Absent,Absent,Absent,Absent,Present,Absent,Absent,Absent,Absent,Absent,Present,Absent,Absent,Absent,Absent,Absent,Absent,Absent,Absent,Absent,Absent,Absent,Absent,Absent,Absent,Absent,Absent,Absent,Absent,Absent,Absent,Absent,Absent,Absent,Absent,Absent,Absent,Absent,Absent,Absent,Absent,Absent,Absent,Absent,Absent,Absent,Absent,Present,Absent,Absent,Absent,Absent,Absent,Absent,Absent,Absent,Absent,Absent,Absent,Absent,Absent,Absent,Absent,Absent,Absent,Absent,Absent,Absent,Absent,Absent,Absent,Absent,Absent,Absent,Absent,Absent,Absent,Absent,Absent,Absent,Absent,Absent,Absent,Absent,Absent,Absent,Absent,Absent,Absent,Absent,Absent,Absent,Absent,Absent,Absent,Absent,Absent,Absent,Absent,Absent,Absent,Absent,Absent,Absent,Absent,Absent,Absent,Absent,Absent,Absent,Absent,Absent,Absent,Absent,Absent,Absent,Absent,Absent,Absent,Absent,Absent,Absent,Absent,Absent,Absent,Absent,Absent,Absent,Absent,Absent,Absent,Absent,Absent,Absent,Absent,Absent,Absent,Absent,Absent,Absent,Absent,Absent,Absent,Absent,Absent,Absent,Absent,Absent,Absent,Absent,Absent,Absent,Absent,Absent,Absent,Absent,Absent,Absent,Absent,Absent,Absent,Absent,Absent,Absent,Absent,Absent,Absent,Absent,Absent,Absent,Absent,Absent,Absent,Absent,Absent,Absent,Absent,Absent,Absent,Absent,Absent,Absent,Absent,Absent,Absent,Absent,Absent,Absent,Absent,Absent,Absent,Absent,Absent,Absent,Absent,Absent,Absent,Absent,Absent,Absent,Absent,Absent,Absent,Absent,Absent,Absent,Absent,Absent,Absent,Absent,Absent,Absent,Absent
Oxygen metabolism (Oxidative phosphorylation Complex IV),"Oxygen metabolism - cytochrome (quinone) oxidase, bd type",cydAB,Absent,Absent,Present,Present,Absent,Present,Present,Absent,Absent,Absent,Present,Absent,Present,Present,Present,Absent,Present,Absent,Absent,Absent,Absent,Absent,Present,Present,Absent,Absent,Absent,Present,Present,Present,Absent,Present,Absent,Absent,Present,Present,Absent,Present,Absent,Present,Present,Absent,Absent,Absent,Absent,Present,Absent,Absent,Present,Absent,Absent,Absent,Absent,Present,Absent,Absent,Present,Absent,Present,Absent,Present,Absent,Present,Present,Present,Present,Present,Absent,Present,Present,Present,Present,Absent,Absent,Absent,Present,Present,Absent,Present,Absent,Absent,Absent,Absent,Absent,Absent,Present,Present,Absent,Absent,Absent,Absent,Absent,Absent,Absent,Present,Present,Present,Absent,Absent,Present,Present,Absent,Absent,Absent,Absent,Absent,Absent,Present,Absent,Present,Present,Absent,Absent,Absent,Absent,Present,Absent,Absent,Absent,Present,Absent,Present,Absent,Present,Present,Absent,Absent,Present,Absent,Present,Absent,Absent,Present,Absent,Present,Absent,Present,Absent,Present,Present,Absent,Absent,Absent,Present,Absent,Absent,Absent,Absent,Absent,Absent,Absent,Absent,Absent,Absent,Present,Absent,Present,Present,Absent,Absent,Absent,Absent,Present,Present,Present,Absent,Present,Absent,Present,Present,Present,Absent,Absent,Absent,Absent,Present,Present,Absent,Absent,Absent,Absent,Present,Absent,Absent,Present,Present,Absent,Absent,Absent,Present,Absent,Absent,Present,Present,Absent,Absent,Absent,Present,Present,Present,Present,Absent,Present,Present,Present,Absent,Absent,Present,Absent,Present,Absent,Present,Absent,Present,Absent,Present,Absent,Present,Absent,Present,Absent,Present,Absent,Present,Present,Present,Absent,Present,Absent,Absent,Absent,Present,Absent,Present,Present,Absent,Absent,Absent,Absent,Present,Present,Present,Absent,Present,Absent,Present,Present,Present,Present,Present,Present,Present,Absent,Absent,Present,Present,Present,Absent,Absent,Absent,Absent,Absent,Absent,Absent,Present,Absent,Present,Present,Present,Present,Present,Present,Absent,Present
Oxygen metabolism (Oxidative phosphorylation Complex IV),"Oxygen metabolism - cytochrome (quinone) oxidase, aa3 type, QoxABCD",qoxAB,Absent,Absent,Absent,Absent,Absent,Absent,Absent,Absent,Absent,Absent,Absent,Absent,Absent,Absent,Absent,Absent,Absent,Absent,Absent,Absent,Absent,Absent,Absent,Absent,Absent,Absent,Absent,Absent,Absent,Absent,Absent,Absent,Absent,Absent,Absent,Absent,Absent,Absent,Absent,Absent,Absent,Absent,Absent,Absent,Absent,Absent,Absent,Absent,Absent,Absent,Absent,Absent,Absent,Absent,Absent,Absent,Absent,Absent,Absent,Absent,Absent,Absent,Absent,Absent,Absent,Absent,Absent,Absent,Absent,Absent,Absent,Absent,Absent,Absent,Absent,Absent,Absent,Absent,Absent,Absent,Absent,Absent,Absent,Absent,Absent,Absent,Absent,Absent,Absent,Absent,Absent,Absent,Absent,Absent,Absent,Absent,Absent,Absent,Absent,Absent,Absent,Absent,Absent,Absent,Absent,Absent,Absent,Absent,Absent,Absent,Absent,Absent,Absent,Absent,Absent,Absent,Absent,Absent,Absent,Absent,Absent,Absent,Absent,Absent,Absent,Absent,Absent,Absent,Absent,Absent,Absent,Absent,Absent,Absent,Absent,Absent,Absent,Absent,Absent,Absent,Absent,Absent,Absent,Absent,Absent,Absent,Absent,Absent,Absent,Absent,Absent,Absent,Absent,Absent,Absent,Absent,Absent,Absent,Absent,Absent,Absent,Absent,Absent,Absent,Absent,Absent,Absent,Absent,Absent,Absent,Absent,Absent,Absent,Absent,Absent,Absent,Absent,Absent,Absent,Absent,Absent,Absent,Absent,Absent,Absent,Absent,Absent,Absent,Absent,Absent,Absent,Absent,Absent,Absent,Absent,Absent,Absent,Absent,Absent,Absent,Absent,Absent,Absent,Absent,Absent,Absent,Absent,Absent,Absent,Absent,Absent,Absent,Absent,Absent,Absent,Absent,Absent,Absent,Absent,Absent,Absent,Absent,Absent,Absent,Absent,Absent,Absent,Absent,Absent,Absent,Absent,Absent,Absent,Absent,Absent,Absent,Absent,Absent,Absent,Absent,Absent,Absent,Absent,Absent,Absent,Absent,Absent,Absent,Absent,Absent,Absent,Absent,Absent,Absent,Absent,Absent,Absent,Absent,Absent,Absent,Absent,Absent,Absent,Absent,Absent,Absent,Absent,Absent,Absent,Absent,Absent,Absent,Absent,Absent
Urea utilization,Urease,ureABC,Absent,Absent,Absent,Absent,Absent,Present,Absent,Absent,Absent,Absent,Absent,Absent,Absent,Absent,Absent,Absent,Absent,Absent,Absent,Present,Absent,Absent,Absent,Present,Absent,Present,Present,Present,Absent,Absent,Present,Present,Absent,Absent,Absent,Absent,Absent,Absent,Absent,Absent,Absent,Absent,Absent,Absent,Absent,Absent,Absent,Absent,Absent,Absent,Absent,Absent,Absent,Absent,Absent,Absent,Present,Absent,Absent,Present,Absent,Absent,Present,Absent,Absent,Absent,Absent,Absent,Absent,Absent,Absent,Present,Absent,Absent,Absent,Absent,Absent,Absent,Absent,Absent,Absent,Absent,Absent,Absent,Absent,Absent,Absent,Absent,Absent,Present,Absent,Absent,Absent,Absent,Absent,Absent,Absent,Absent,Absent,Absent,Absent,Absent,Absent,Absent,Absent,Absent,Absent,Absent,Absent,Absent,Absent,Absent,Present,Absent,Absent,Absent,Absent,Absent,Absent,Absent,Absent,Absent,Absent,Absent,Absent,Absent,Absent,Absent,Absent,Absent,Absent,Absent,Absent,Absent,Absent,Absent,Absent,Absent,Absent,Absent,Absent,Absent,Absent,Absent,Absent,Absent,Absent,Absent,Present,Absent,Absent,Absent,Absent,Absent,Absent,Absent,Absent,Absent,Absent,Absent,Absent,Absent,Absent,Absent,Absent,Present,Absent,Absent,Absent,Absent,Absent,Absent,Absent,Present,Absent,Absent,Absent,Absent,Present,Absent,Absent,Absent,Absent,Absent,Absent,Absent,Absent,Present,Absent,Absent,Absent,Absent,Absent,Present,Absent,Present,Absent,Present,Absent,Absent,Absent,Absent,Absent,Absent,Absent,Absent,Absent,Absent,Absent,Present,Absent,Absent,Absent,Absent,Absent,Absent,Absent,Absent,Absent,Absent,Absent,Absent,Absent,Absent,Present,Absent,Absent,Absent,Absent,Absent,Absent,Absent,Absent,Absent,Absent,Absent,Absent,Absent,Absent,Absent,Absent,Absent,Present,Absent,Present,Absent,Absent,Absent,Absent,Absent,Present,Absent,Absent,Absent,Absent,Absent,Absent,Present,Present,Absent,Absent,Absent,Absent,Absent,Present,Present,Absent,Absent,Absent,Absent,Absent,Present,Absent,Present
Halogenated compound utilization,Halogenated compounds breakdown,E3.8.1.2||pcpC||cprA||pceA,Absent,Absent,Absent,Absent,Present,Present,Absent,Absent,Present,Absent,Present,Absent,Present,Absent,Present,Absent,Absent,Absent,Absent,Absent,Absent,Absent,Absent,Present,Present,Present,Present,Present,Absent,Absent,Present,Absent,Absent,Present,Absent,Present,Absent,Absent,Absent,Absent,Absent,Absent,Absent,Absent,Present,Present,Absent,Absent,Absent,Absent,Absent,Present,Present,Absent,Absent,Absent,Absent,Absent,Absent,Absent,Absent,Absent,Present,Absent,Absent,Absent,Absent,Absent,Absent,Present,Absent,Absent,Absent,Absent,Present,Absent,Absent,Absent,Absent,Absent,Absent,Absent,Absent,Absent,Absent,Absent,Absent,Absent,Absent,Absent,Present,Absent,Absent,Absent,Absent,Absent,Absent,Absent,Absent,Absent,Absent,Absent,Absent,Absent,Absent,Absent,Absent,Present,Absent,Absent,Absent,Absent,Absent,Present,Present,Absent,Absent,Absent,Absent,Absent,Absent,Absent,Absent,Absent,Absent,Present,Absent,Absent,Absent,Absent,Absent,Absent,Absent,Absent,Absent,Absent,Absent,Absent,Absent,Absent,Absent,Absent,Absent,Absent,Absent,Absent,Absent,Absent,Absent,Absent,Present,Present,Absent,Absent,Absent,Present,Absent,Absent,Absent,Absent,Absent,Absent,Absent,Absent,Absent,Present,Absent,Absent,Absent,Absent,Absent,Absent,Present,Absent,Absent,Absent,Present,Absent,Absent,Absent,Present,Absent,Absent,Absent,Present,Absent,Absent,Absent,Present,Present,Present,Absent,Absent,Present,Absent,Absent,Absent,Absent,Absent,Present,Absent,Absent,Absent,Absent,Absent,Absent,Absent,Absent,Absent,Absent,Absent,Absent,Present,Absent,Absent,Absent,Absent,Absent,Absent,Absent,Absent,Present,Absent,Absent,Present,Present,Absent,Present,Present,Absent,Absent,Absent,Absent,Absent,Absent,Absent,Absent,Absent,Absent,Absent,Absent,Absent,Absent,Absent,Absent,Absent,Present,Present,Present,Absent,Absent,Absent,Absent,Absent,Absent,Absent,Present,Absent,Present,Absent,Present,Present,Present,Absent,Present,Present,Present,Absent,Absent,Absent,Present,Absent,Present,Present
Perchlorate reduction,Perchlorate reduction,pcrAB,Absent,Absent,Absent,Absent,Present,Absent,Present,Absent,Absent,Absent,Absent,Absent,Absent,Present,Absent,Absent,Absent,Absent,Absent,Absent,Absent,Absent,Absent,Absent,Absent,Absent,Absent,Absent,Absent,Absent,Absent,Absent,Absent,Absent,Absent,Absent,Absent,Absent,Absent,Absent,Present,Absent,Absent,Absent,Absent,Absent,Absent,Absent,Present,Absent,Absent,Absent,Absent,Absent,Absent,Absent,Absent,Absent,Absent,Absent,Absent,Absent,Absent,Absent,Absent,Absent,Absent,Absent,Absent,Absent,Absent,Absent,Absent,Absent,Absent,Absent,Absent,Absent,Absent,Absent,Absent,Absent,Absent,Absent,Absent,Absent,Absent,Absent,Absent,Absent,Absent,Absent,Absent,Absent,Absent,Absent,Present,Absent,Absent,Absent,Absent,Absent,Absent,Absent,Absent,Absent,Absent,Absent,Absent,Absent,Present,Absent,Absent,Absent,Absent,Absent,Absent,Absent,Absent,Absent,Absent,Present,Absent,Absent,Absent,Absent,Absent,Absent,Absent,Absent,Absent,Absent,Absent,Absent,Absent,Absent,Absent,Absent,Absent,Absent,Present,Absent,Absent,Absent,Absent,Absent,Absent,Absent,Absent,Absent,Absent,Absent,Absent,Absent,Absent,Absent,Absent,Absent,Absent,Absent,Present,Absent,Absent,Absent,Absent,Absent,Absent,Absent,Absent,Absent,Absent,Absent,Absent,Absent,Absent,Absent,Absent,Absent,Absent,Absent,Absent,Absent,Absent,Absent,Present,Absent,Absent,Absent,Absent,Absent,Absent,Absent,Absent,Absent,Absent,Absent,Absent,Absent,Absent,Absent,Absent,Present,Absent,Absent,Absent,Absent,Present,Absent,Absent,Absent,Absent,Absent,Absent,Absent,Absent,Absent,Absent,Absent,Absent,Absent,Absent,Absent,Absent,Absent,Present,Present,Present,Absent,Absent,Absent,Absent,Absent,Absent,Absent,Absent,Absent,Absent,Absent,Absent,Absent,Absent,Absent,Absent,Absent,Absent,Absent,Absent,Absent,Absent,Absent,Absent,Absent,Absent,Absent,Absent,Absent,Absent,Absent,Absent,Absent,Absent,Absent,Absent,Absent,Absent,Absent,Absent,Absent,Absent,Absent,Absent,Absent,Absent,Absent
Chlorite reduction,Chlorite reduction,cld,Present,Absent,Absent,Present,Absent,Present,Present,Absent,Absent,Absent,Absent,Absent,Present,Present,Absent,Absent,Present,Present,Absent,Present,Present,Present,Present,Absent,Absent,Present,Absent,Absent,Absent,Absent,Absent,Absent,Absent,Absent,Absent,Present,Absent,Absent,Present,Absent,Absent,Absent,Absent,Absent,Absent,Present,Absent,Present,Present,Present,Present,Present,Absent,Absent,Present,Absent,Absent,Absent,Absent,Present,Absent,Absent,Absent,Present,Present,Absent,Present,Absent,Absent,Absent,Absent,Absent,Absent,Absent,Absent,Absent,Absent,Absent,Absent,Absent,Absent,Absent,Absent,Absent,Absent,Absent,Absent,Absent,Absent,Present,Absent,Absent,Absent,Absent,Absent,Absent,Absent,Absent,Absent,Absent,Absent,Absent,Absent,Absent,Absent,Absent,Absent,Present,Absent,Absent,Absent,Present,Present,Present,Absent,Absent,Present,Present,Present,Present,Absent,Absent,Absent,Absent,Absent,Absent,Absent,Absent,Absent,Absent,Present,Absent,Absent,Absent,Absent,Absent,Absent,Absent,Absent,Absent,Present,Absent,Absent,Absent,Absent,Absent,Absent,Absent,Present,Absent,Absent,Present,Absent,Absent,Present,Absent,Present,Absent,Absent,Present,Present,Absent,Absent,Absent,Present,Absent,Present,Absent,Present,Present,Present,Present,Present,Present,Present,Absent,Present,Absent,Present,Present,Absent,Absent,Absent,Present,Absent,Absent,Absent,Absent,Absent,Absent,Present,Absent,Absent,Absent,Present,Present,Absent,Present,Present,Absent,Absent,Present,Absent,Absent,Present,Absent,Absent,Absent,Absent,Absent,Present,Present,Absent,Absent,Absent,Absent,Absent,Absent,Absent,Absent,Absent,Absent,Absent,Present,Absent,Present,Present,Absent,Absent,Present,Absent,Present,Absent,Absent,Absent,Absent,Absent,Absent,Absent,Absent,Absent,Absent,Present,Absent,Present,Absent,Absent,Present,Absent,Present,Absent,Present,Absent,Absent,Absent,Absent,Present,Present,Present,Present,Present,Present,Present,Present,Absent,Present,Absent,Present,Present,Present,Present,Absent,Present,Absent
As cycling,Arsenite oxidation,arxA||aioA,Absent,Absent,Absent,Absent,Absent,Absent,Absent,Absent,Absent,Absent,Absent,Absent,Absent,Absent,Absent,Absent,Absent,Absent,Absent,Absent,Absent,Absent,Absent,Absent,Absent,Absent,Absent,Absent,Absent,Absent,Present,Present,Absent,Absent,Absent,Absent,Absent,Absent,Absent,Absent,Absent,Absent,Absent,Absent,Absent,Absent,Absent,Absent,Absent,Absent,Absent,Absent,Absent,Absent,Absent,Absent,Absent,Absent,Absent,Absent,Absent,Absent,Absent,Absent,Absent,Absent,Absent,Absent,Absent,Absent,Absent,Absent,Absent,Absent,Absent,Absent,Absent,Absent,Absent,Absent,Absent,Absent,Absent,Absent,Absent,Absent,Absent,Absent,Absent,Absent,Absent,Absent,Absent,Absent,Absent,Absent,Absent,Absent,Absent,Absent,Absent,Absent,Absent,Absent,Absent,Absent,Absent,Absent,Absent,Absent,Absent,Absent,Absent,Absent,Absent,Absent,Absent,Absent,Absent,Absent,Absent,Absent,Absent,Absent,Absent,Absent,Absent,Absent,Absent,Absent,Absent,Absent,Absent,Absent,Absent,Absent,Absent,Absent,Absent,Absent,Absent,Absent,Absent,Absent,Absent,Absent,Absent,Absent,Absent,Absent,Absent,Absent,Absent,Absent,Absent,Absent,Absent,Absent,Absent,Absent,Absent,Absent,Absent,Absent,Absent,Absent,Absent,Absent,Absent,Absent,Absent,Absent,Absent,Absent,Absent,Absent,Absent,Absent,Absent,Absent,Absent,Absent,Absent,Absent,Absent,Absent,Absent,Absent,Absent,Absent,Absent,Absent,Absent,Absent,Absent,Absent,Absent,Absent,Absent,Absent,Absent,Absent,Absent,Absent,Absent,Absent,Absent,Absent,Absent,Absent,Absent,Absent,Absent,Absent,Absent,Absent,Absent,Absent,Absent,Absent,Absent,Absent,Absent,Absent,Absent,Absent,Absent,Absent,Absent,Absent,Absent,Absent,Absent,Absent,Absent,Absent,Absent,Absent,Absent,Absent,Absent,Absent,Absent,Absent,Absent,Absent,Absent,Absent,Absent,Absent,Absent,Absent,Absent,Absent,Absent,Absent,Absent,Absent,Absent,Absent,Absent,Absent,Absent,Absent,Absent,Absent,Absent,Absent,Absent,Absent,Absent,Absent,Absent,Absent
As cycling,Arsenate reduction,arrA,Absent,Absent,Present,Absent,Absent,Absent,Absent,Present,Absent,Present,Absent,Absent,Absent,Absent,Absent,Present,Absent,Absent,Absent,Absent,Absent,Absent,Absent,Absent,Absent,Absent,Absent,Absent,Absent,Absent,Absent,Absent,Absent,Absent,Present,Absent,Absent,Present,Absent,Absent,Present,Absent,Absent,Absent,Absent,Absent,Absent,Absent,Absent,Absent,Absent,Absent,Absent,Absent,Absent,Absent,Absent,Absent,Absent,Absent,Absent,Absent,Absent,Absent,Absent,Absent,Absent,Absent,Absent,Absent,Absent,Absent,Absent,Absent,Absent,Absent,Present,Absent,Present,Absent,Absent,Present,Absent,Absent,Absent,Absent,Absent,Absent,Absent,Absent,Absent,Absent,Absent,Absent,Absent,Absent,Absent,Absent,Absent,Absent,Absent,Absent,Absent,Absent,Absent,Absent,Present,Absent,Present,Present,Absent,Absent,Absent,Absent,Absent,Absent,Absent,Absent,Absent,Absent,Absent,Absent,Absent,Absent,Absent,Absent,Absent,Absent,Absent,Absent,Absent,Absent,Absent,Absent,Absent,Absent,Absent,Absent,Absent,Absent,Absent,Absent,Absent,Absent,Absent,Absent,Absent,Absent,Absent,Absent,Absent,Absent,Absent,Absent,Absent,Absent,Absent,Absent,Absent,Absent,Absent,Absent,Absent,Absent,Absent,Absent,Absent,Present,Absent,Absent,Absent,Absent,Absent,Absent,Absent,Absent,Absent,Absent,Absent,Absent,Absent,Absent,Absent,Absent,Absent,Absent,Absent,Absent,Absent,Absent,Absent,Absent,Absent,Absent,Absent,Absent,Absent,Absent,Absent,Absent,Present,Absent,Absent,Absent,Absent,Absent,Absent,Present,Absent,Absent,Absent,Absent,Absent,Absent,Absent,Absent,Absent,Absent,Absent,Absent,Absent,Absent,Absent,Present,Absent,Absent,Absent,Absent,Absent,Absent,Absent,Absent,Absent,Absent,Absent,Absent,Absent,Absent,Absent,Absent,Absent,Absent,Absent,Absent,Absent,Present,Absent,Absent,Absent,Absent,Absent,Absent,Absent,Absent,Absent,Absent,Absent,Present,Absent,Absent,Absent,Absent,Absent,Absent,Absent,Absent,Absent,Absent,Absent,Absent,Absent,Absent,Absent,Absent
Selenate reduction,Selenate reduction,ygfMK||xdhD,Absent,Absent,Absent,Absent,Absent,Absent,Absent,Absent,Absent,Absent,Absent,Absent,Absent,Absent,Absent,Absent,Absent,Absent,Absent,Absent,Absent,Absent,Absent,Present,Absent,Absent,Absent,Absent,Absent,Absent,Absent,Absent,Absent,Absent,Absent,Absent,Absent,Absent,Absent,Absent,Absent,Absent,Absent,Absent,Absent,Absent,Absent,Absent,Absent,Present,Absent,Absent,Present,Absent,Absent,Absent,Absent,Absent,Absent,Absent,Absent,Absent,Absent,Absent,Absent,Absent,Absent,Absent,Absent,Absent,Absent,Absent,Absent,Absent,Absent,Absent,Present,Absent,Absent,Present,Present,Present,Absent,Absent,Absent,Absent,Present,Absent,Absent,Absent,Absent,Absent,Absent,Absent,Present,Absent,Absent,Present,Absent,Absent,Absent,Absent,Absent,Present,Absent,Absent,Absent,Absent,Absent,Absent,Absent,Absent,Absent,Absent,Absent,Absent,Absent,Absent,Present,Absent,Absent,Absent,Absent,Present,Present,Absent,Absent,Present,Absent,Present,Absent,Absent,Absent,Absent,Absent,Absent,Present,Present,Absent,Absent,Present,Absent,Present,Absent,Absent,Absent,Absent,Absent,Absent,Absent,Absent,Absent,Absent,Absent,Absent,Absent,Absent,Absent,Absent,Present,Present,Absent,Absent,Present,Absent,Absent,Absent,Absent,Absent,Absent,Absent,Absent,Absent,Absent,Absent,Absent,Absent,Absent,Absent,Absent,Absent,Absent,Absent,Absent,Absent,Absent,Absent,Absent,Absent,Absent,Absent,Absent,Absent,Absent,Absent,Absent,Absent,Present,Absent,Absent,Present,Absent,Absent,Absent,Absent,Absent,Absent,Absent,Present,Absent,Absent,Absent,Absent,Present,Absent,Absent,Absent,Absent,Present,Absent,Absent,Absent,Absent,Absent,Absent,Absent,Absent,Absent,Absent,Absent,Absent,Absent,Absent,Absent,Absent,Present,Absent,Absent,Absent,Absent,Absent,Absent,Absent,Absent,Absent,Absent,Absent,Absent,Absent,Absent,Absent,Absent,Absent,Absent,Absent,Absent,Absent,Absent,Absent,Absent,Absent,Absent,Absent,Absent,Absent,Absent,Absent,Absent,Absent,Absent,Absent,Absent,Absent,Absent
Nitrile hydration,Nitrile hydratase,nthAB,Present,Absent,Absent,Absent,Absent,Absent,Absent,Absent,Absent,Absent,Absent,Absent,Absent,Absent,Absent,Absent,Absent,Absent,Absent,Absent,Absent,Absent,Absent,Present,Absent,Absent,Absent,Absent,Absent,Absent,Absent,Absent,Absent,Absent,Absent,Absent,Absent,Absent,Absent,Absent,Absent,Absent,Absent,Absent,Absent,Absent,Absent,Absent,Absent,Absent,Absent,Absent,Absent,Absent,Absent,Absent,Absent,Absent,Absent,Absent,Absent,Absent,Absent,Absent,Absent,Absent,Absent,Absent,Absent,Absent,Absent,Absent,Absent,Absent,Absent,Absent,Absent,Absent,Absent,Absent,Absent,Absent,Absent,Absent,Absent,Absent,Absent,Absent,Absent,Absent,Absent,Absent,Absent,Absent,Absent,Absent,Absent,Absent,Absent,Absent,Absent,Absent,Absent,Absent,Absent,Absent,Absent,Absent,Absent,Absent,Absent,Absent,Absent,Absent,Absent,Absent,Absent,Absent,Absent,Absent,Absent,Absent,Absent,Absent,Absent,Absent,Absent,Absent,Absent,Absent,Absent,Absent,Absent,Absent,Absent,Absent,Absent,Absent,Absent,Absent,Absent,Absent,Absent,Absent,Absent,Absent,Absent,Absent,Absent,Absent,Absent,Absent,Absent,Absent,Absent,Absent,Absent,Absent,Absent,Absent,Absent,Absent,Absent,Absent,Absent,Present,Absent,Absent,Absent,Absent,Absent,Absent,Absent,Absent,Absent,Absent,Absent,Absent,Absent,Absent,Absent,Absent,Absent,Absent,Absent,Absent,Absent,Absent,Absent,Absent,Absent,Absent,Absent,Present,Absent,Absent,Absent,Absent,Absent,Absent,Absent,Absent,Absent,Absent,Present,Absent,Absent,Absent,Absent,Absent,Absent,Absent,Absent,Absent,Absent,Absent,Absent,Absent,Absent,Absent,Absent,Absent,Absent,Absent,Present,Absent,Absent,Absent,Absent,Absent,Absent,Absent,Absent,Absent,Absent,Absent,Absent,Absent,Absent,Absent,Absent,Absent,Absent,Absent,Absent,Absent,Present,Absent,Absent,Absent,Absent,Absent,Absent,Absent,Absent,Absent,Present,Absent,Absent,Absent,Absent,Absent,Present,Absent,Absent,Present,Absent,Absent,Absent,Absent,Absent,Absent,Absent,Absent
Iron cycling,Iron reduction,Iron reduction series genes,Present,Present,Present,Present,Present,Present,Present,Present,Present,Present,Present,Present,Present,Present,Present,Present,Present,Present,Present,Present,Present,Present,Present,Present,Present,Present,Present,Present,Present,Present,Present,Present,Present,Present,Present,Present,Present,Present,Present,Present,Present,Present,Present,Present,Present,Present,Present,Present,Present,Present,Present,Present,Present,Present,Present,Present,Present,Present,Present,Present,Present,Present,Present,Present,Present,Present,Present,Present,Present,Present,Present,Present,Present,Present,Present,Present,Present,Present,Present,Present,Present,Present,Present,Present,Present,Present,Present,Present,Absent,Present,Present,Present,Present,Present,Present,Present,Present,Present,Present,Present,Present,Present,Present,Present,Present,Present,Present,Present,Present,Present,Present,Present,Present,Present,Present,Present,Present,Present,Present,Present,Present,Present,Present,Present,Present,Present,Present,Present,Present,Present,Present,Present,Present,Present,Present,Present,Present,Present,Present,Present,Present,Present,Present,Present,Present,Present,Present,Present,Present,Present,Present,Present,Present,Present,Present,Present,Present,Present,Present,Present,Present,Present,Present,Present,Present,Present,Present,Present,Present,Present,Present,Present,Present,Present,Present,Present,Present,Present,Present,Present,Present,Present,Present,Present,Present,Present,Present,Present,Present,Present,Present,Present,Present,Present,Present,Present,Present,Present,Present,Present,Present,Present,Present,Present,Present,Present,Present,Present,Present,Present,Present,Present,Present,Present,Present,Present,Present,Present,Present,Present,Present,Present,Present,Present,Present,Present,Present,Present,Present,Present,Present,Present,Present,Present,Present,Present,Present,Present,Present,Present,Present,Present,Present,Present,Present,Present,Present,Present,Present,Present,Present,Present,Present,Present,Present,Present,Present,Present,Present,Present,Present,Present,Present,Present,Present,Present,Present,Present,Present,Present,Present,Present,Present,Present
Iron cycling,Iron oxidation,Iron oxidation series genes,Absent,Present,Absent,Absent,Absent,Absent,Absent,Present,Absent,Present,Absent,Absent,Absent,Absent,Absent,Absent,Absent,Present,Present,Absent,Absent,Absent,Absent,Present,Absent,Present,Absent,Present,Absent,Present,Present,Present,Absent,Present,Absent,Absent,Absent,Present,Absent,Absent,Absent,Absent,Present,Present,Absent,Absent,Present,Absent,Absent,Absent,Absent,Absent,Absent,Absent,Absent,Absent,Present,Present,Absent,Absent,Present,Present,Present,Absent,Absent,Present,Absent,Present,Absent,Absent,Absent,Present,Absent,Absent,Absent,Present,Present,Absent,Present,Absent,Absent,Absent,Absent,Absent,Absent,Absent,Present,Absent,Absent,Absent,Absent,Absent,Absent,Absent,Absent,Absent,Absent,Absent,Absent,Present,Absent,Absent,Absent,Absent,Absent,Present,Present,Absent,Absent,Present,Present,Absent,Absent,Absent,Absent,Absent,Absent,Present,Absent,Absent,Absent,Absent,Present,Absent,Present,Absent,Absent,Present,Absent,Absent,Absent,Absent,Absent,Absent,Absent,Absent,Absent,Absent,Absent,Absent,Present,Present,Absent,Absent,Absent,Present,Absent,Present,Absent,Absent,Present,Absent,Absent,Absent,Absent,Present,Absent,Absent,Present,Absent,Present,Present,Absent,Absent,Absent,Present,Absent,Present,Absent,Absent,Absent,Absent,Absent,Absent,Absent,Present,Absent,Absent,Absent,Absent,Present,Absent,Absent,Absent,Absent,Present,Absent,Absent,Absent,Present,Absent,Present,Present,Present,Present,Absent,Absent,Absent,Absent,Absent,Present,Absent,Absent,Absent,Absent,Absent,Absent,Present,Absent,Present,Present,Absent,Absent,Present,Present,Present,Absent,Present,Absent,Absent,Absent,Absent,Absent,Present,Present,Present,Absent,Present,Absent,Absent,Absent,Absent,Absent,Absent,Present,Absent,Absent,Present,Present,Present,Absent,Absent,Absent,Absent,Absent,Absent,Present,Absent,Present,Absent,Present,Absent,Absent,Present,Present,Absent,Absent,Absent,Absent,Absent,Absent,Absent,Absent,Absent,Absent,Absent,Present,Absent,Absent,Absent,Absent,Absent,Absent,Absent
